rsids,Chrom,Pos,Name,effectAllele,otherAllele,Beta,Pval,minus_log10_pval,SE,N,ImpMAF,r,pip
rs10000130,chr4,76018182,chr4:76018182:C:T,C,T,0.0657,4.234e-16,15.37325,0.00808,35354,0.48582,0.981694,0.0253195614875688
rs10000436,chr4,76018491,chr4:76018491:A:T,A,T,0.0285,0.001157,2.93667,0.008771,35354,0.30731,0.566507,3.45279360658424e-14
rs10014837,chr4,76020665,chr4:76020665:A:G,A,G,0.0656,4.760e-16,15.32239,0.008081,35354,0.48619,0.977532,0.0227557909501368
rs10518143,chr4,76012292,chr4:76012292:G:A,G,A,0.0643,2.621e-10,9.58153,0.010175,35355,0.19414,0.564818,6.55332854648805e-08
rs12500200,chr4,76009593,chr4:76009593:A:G,A,G,0.0307,0.008586,2.06621,0.011681,35355,0.13611,0.350749,5.6621374255883e-15
rs12651276,chr4,76009716,chr4:76009716:G:T,G,T,0.0169,0.104576,0.98057,0.010412,35355,0.18676,0.391651,6.66133814775094e-16
rs1554013,chr4,76012331,chr4:76012331:C:T,C,T,0.0657,4.221e-16,15.37458,0.008079,35355,0.48579,0.979746,0.0255238732990194
rs17288671,chr4,76010848,chr4:76010848:C:T,C,T,0.0645,1.583e-15,14.80052,0.008093,35355,0.46817,0.971858,0.00707102167312279
rs2276885,chr4,76007576,chr4:76007576:G:A,G,A,0.0167,0.108033,0.96644,0.010391,35355,0.18676,0.386979,6.66133814775094e-16
rs2276886,chr4,76007275,chr4:76007275:T:C,T,C,0.0578,4.241e-09,8.37253,0.009839,35355,0.21191,0.553408,4.54902293611781e-09
rs2869462,chr4,76013566,chr4:76013566:G:C,G,C,0.0643,2.667e-10,9.57398,0.010179,35355,0.19413,0.564818,6.45298462442767e-08
rs3921,chr4,76021790,chr4:76021790:G:C,G,C,0.0656,5.018e-16,15.29947,0.008088,35354,0.48617,0.977532,0.0215168268839108
rs4241577,chr4,76009621,chr4:76009621:ACACCCCCA:ACCCCCCCA,ACACCCCCA,ACCCCCCCA,0.0559,1.071e-08,7.97021,0.009774,35355,0.21596,0.534598,1.87590176725649e-09
rs4241578,chr4,76023338,chr4:76023338:C:T,C,T,0.0656,4.864e-16,15.31301,0.008084,35354,0.48616,0.977532,0.0222159075311441
rs4256246,chr4,76024369,chr4:76024369:A:G,A,G,0.0174,0.114204,0.94232,0.011016,35354,0.16147,0.321993,6.66133814775094e-16
rs4257674,chr4,76024532,chr4:76024532:G:A,G,A,0.0656,4.659e-16,15.33171,0.008079,35354,0.48617,0.977532,0.0231233254453577
rs4309862,chr4,76024828,chr4:76024828:G:A,G,A,0.0656,4.659e-16,15.33171,0.008079,35354,0.48617,0.977532,0.0231233254453577
rs4318674,chr4,76013269,chr4:76013269:G:C,G,C,0.0657,4.120e-16,15.38510,0.008076,35355,0.48580,0.979746,0.0261472212845634
rs4371639,chr4,76025416,chr4:76025416:T:G,T,G,0.0657,4.550e-16,15.34199,0.008088,35354,0.48617,0.977532,0.0237453980260252
rs4386624,chr4,76024986,chr4:76024986:C:G,C,G,0.0656,4.658e-16,15.33180,0.008079,35354,0.48617,0.977532,0.0231233254453577
rs4417995,chr4,76024846,chr4:76024846:C:T,C,T,0.0656,4.658e-16,15.33180,0.008079,35354,0.48617,0.977532,0.0231233254453577
rs4508917,chr4,76024944,chr4:76024944:G:A,G,A,0.0605,2.424e-10,9.61547,0.009555,35354,0.23141,0.634077,7.07679067568634e-08
rs4859584,chr4,76021984,chr4:76021984:C:G,C,G,0.0656,4.997e-16,15.30129,0.008087,35354,0.48617,0.977532,0.0216894109390015
rs4859586,chr4,76022082,chr4:76022082:C:T,C,T,0.0656,4.988e-16,15.30207,0.008087,35354,0.48617,0.977532,0.0216894109390015
rs4859587,chr4,76022139,chr4:76022139:AGATC:AGATA,AGATC,AGATA,0.0646,1.352e-15,14.86902,0.008085,35354,0.48871,0.977532,0.00828751193064858
rs4859588,chr4,76022524,chr4:76022524:A:G,A,G,0.0656,4.948e-16,15.30557,0.008086,35354,0.48617,0.977532,0.0218634439183391
rs6532083,chr4,76008048,chr4:76008048:G:A,G,A,0.0644,1.755e-15,14.75572,0.008093,35355,0.46818,0.971858,0.00641962099492377
rs6532086,chr4,76016125,chr4:76016125:A:G,A,G,0.0689,1.650e-17,16.78252,0.008091,35354,0.49372,1,0.586010801498234
rs7670156,chr4,76009202,chr4:76009202:A:T,A,T,0.0319,0.006959,2.15745,0.01182,35355,0.13313,0.352071,6.88338275267597e-15
rs7670789,chr4,76019228,chr4:76019228:A:G,A,G,0.0656,4.855e-16,15.31381,0.008084,35354,0.48619,0.977532,0.0222159075311441
rs867562,chr4,76013587,chr4:76013587:A:G,A,G,0.0199,0.063417,1.19779,0.010721,35355,0.17007,0.383305,9.99200722162641e-16
rs884002,chr4,76013266,chr4:76013266:A:G,A,G,0.0199,0.063334,1.19836,0.010717,35355,0.17007,0.383305,9.99200722162641e-16
rs884004,chr4,76013424,chr4:76013424:T:G,T,G,0.0642,2.672e-10,9.57316,0.010164,35355,0.19413,0.564818,6.43232713759545e-08
rs884304,chr4,76014110,chr4:76014110:A:G,A,G,0.0597,6.662e-10,9.17640,0.00967,35355,0.22174,0.629225,2.67782424012708e-08
rs8878,chr4,76021147,chr4:76021147:G:A,G,A,0.0655,5.083e-16,15.29388,0.008077,35354,0.48617,0.977532,0.0212892929482329
rs9884374,chr4,76025565,chr4:76025565:T:A,T,A,0.0657,4.551e-16,15.34189,0.008088,35354,0.48617,0.977532,0.0237453980260252
