Lead.pSNP,effect_allele,other_allele,eaf,Protein,N.subjects,Beta.coeff,Stderr,P.value,pSNP position,Gene start position,Gene end position
rs67162484,TTCT,-,0.53,A4GALT,3200,0.196,0.025,2.50E-15,43115519,43088126,43116876
rs492488,G,A,0.739,ABO,3200,-1.457,0.012,1.00E-300,136144960,136130562,136150630
rs579459,T,C,0.798,ABO,3200,-1.087,0.011,8.00E-244,136154168,136130562,136150630
rs4344,G,A,0.499,ACE,3200,-0.583,0.022,8.50E-136,61566724,61554421,61575741
rs4727469,C,T,0.524,ACHE,3200,-0.297,0.023,7.50E-37,100509163,100487614,100493754
rs58461606,G,T,0.639,ACP1,3200,-1.134,0.016,1.00E-300,267367,264868,278282
rs10424332,A,C,0.713,ACP5,3200,-0.226,0.027,2.30E-17,11707458,11685474,11689801
rs2153463,T,G,0.739,ACP6,3200,0.944,0.022,1.00E-300,147124310,147119167,147142634
rs9808326,G,C,0.523,ACYP2,3200,0.258,0.023,4.60E-29,54343108,54342409,54532435
rs10794057,T,C,0.398,ADAM12,3200,-0.209,0.025,1.20E-16,127729734,127700953,128077127
rs7728609,C,T,0.675,ADAM19,3200,0.246,0.026,1.20E-21,156935524,156904311,157002831
rs6966166,C,T,0.478,ADAM22,3200,-0.177,0.026,9.80E-12,87455155,87563565,87832204
rs1448903,A,G,0.899,ADAM23,3200,-0.537,0.04,2.00E-40,207308961,207308367,207485854
rs28493251,A,G,0.894,ADAMTS13,3200,0.688,0.039,9.30E-68,136243270,136279458,136324525
rs2830585,C,T,0.873,ADAMTS5,3200,1.076,0.029,1.50E-249,28305212,28290230,28339439
rs117569858,G,A,0.984,ADGRE2,3200,0.551,0.097,1.50E-08,14792857,14843508,14889353
rs611779,G,A,0.966,ADGRF5,3200,1.279,0.065,2.50E-81,46826910,46820241,46922675
rs1800759,T,G,0.622,ADH4,3200,0.157,0.025,4.10E-10,100065509,100044807,100065449
rs1453873,T,C,0.742,ADH5,3200,-0.284,0.027,2.50E-25,100022571,99992129,100009939
rs17529509,C,A,0.927,ADH7,3200,0.401,0.048,8.00E-17,100351436,100333417,100356667
rs143257534,C,T,0.974,ADIPOQ,3200,0.425,0.072,3.30E-09,186551888,186560462,186576252
rs2923098,T,G,0.535,ADM,3200,-0.108,0.024,9.90E-06,10368614,10326526,10328949
rs1919480,T,C,0.985,AFM,3200,0.774,0.101,2.60E-14,74377739,74347461,74369718
rs6829551,T,C,0.812,AFP,3200,0.187,0.031,2.40E-09,74173715,74301935,74321502
rs28526086,A,T,0.951,AGRP,3200,-0.497,0.056,1.60E-18,67366809,67516473,67517716
rs3789678,C,T,0.908,AGT,3200,-0.332,0.04,1.50E-16,230849482,230838271,230850336
rs13098866,A,G,0.533,AHSG,3200,0.916,0.019,1.00E-300,186339707,186330849,186339107
rs2518134,C,T,0.635,AHSG,3200,0.252,0.024,4.00E-25,186332182,186330849,186339107
rs77306199,C,T,0.947,AK1,3200,0.291,0.055,1.20E-07,130633176,130628758,130640022
rs72688441,G,A,0.929,AKR1A1,3200,1.267,0.042,9.10E-175,46051053,46016454,46035723
rs148913805,T,G,0.982,AKR1B1,3200,0.527,0.091,8.50E-09,133987394,134127106,134143888
rs144376466,C,T,0.912,AKR7A2,3200,0.436,0.042,1.90E-24,19600538,19629201,19638640
rs9825097,A,G,0.868,ALCAM,3200,0.174,0.035,7.20E-07,105079361,105085556,105295757
rs2108967,A,G,0.685,ALDH3A1,3200,0.193,0.026,9.60E-14,19638153,19641297,19651746
rs8073913,A,G,0.672,ALOX15B,3200,0.157,0.026,1.60E-09,7961377,7942357,7952451
rs12478529,C,T,0.778,ALPP,3200,-0.354,0.028,2.50E-35,233286654,233243243,233247599
rs10933394,T,C,0.642,ALPPL2,3200,-0.192,0.026,1.00E-13,233249080,233271551,233275424
rs35458538,G,A,0.781,ALPPL2,3200,-0.185,0.029,2.40E-10,233304352,233271551,233275424
rs4938490,G,A,0.412,AMICA1,3200,-0.872,0.02,1.00E-300,118080977,118064441,118095809
rs832716,C,T,0.944,AMIGO2,3200,-0.269,0.054,7.30E-07,47616075,47469489,47473734
rs186699271,A,G,0.952,AMY1A,3200,0.716,0.057,5.60E-35,104394856,104198140,104301311
rs17014913,A,G,0.839,AMY2B,3200,0.433,0.034,3.20E-36,104105635,104097265,104122156
rs28535078,G,A,0.8,ANG,3200,-0.675,0.029,8.50E-111,21145076,21152335,21162345
rs73701100,C,A,0.983,ANGPT1,3200,-0.573,0.096,2.40E-09,108352159,108261709,108510254
rs1968586,C,T,0.64,ANGPT2,3200,0.113,0.025,7.10E-06,6279511,6357174,6420784
rs2184464,G,A,0.893,ANGPTL1,3200,0.293,0.038,2.50E-14,178849489,178818669,178840215
rs7547965,A,G,0.658,ANGPTL3,3200,0.228,0.025,1.10E-19,62926371,63063157,63071976
rs1168128,C,G,0.66,ANGPTL3,3200,0.208,0.026,7.50E-16,63135846,63063157,63071976
rs113282417,G,C,0.987,ANKRD27,3200,-0.553,0.108,2.90E-07,33193162,33087906,33166102
rs61381915,C,T,0.892,ANXA2,3200,-0.244,0.038,2.30E-10,60609293,60639349,60690185
rs10452848,A,G,0.498,AOC1,3200,-0.765,0.021,3.00E-239,150523544,150549564,150558379
rs12897422,G,A,0.858,AP1G2,3200,0.268,0.035,1.30E-14,24033027,24028771,24037045
rs71628140,G,A,0.967,APCS,3200,0.704,0.064,2.40E-27,159573679,159557615,159558661
rs79537552,C,T,0.936,APLP2,3200,-0.599,0.049,1.70E-33,129940743,129939715,130014706
rs7112159,A,G,0.926,APLP2,3200,-0.419,0.045,3.90E-20,129940916,129939715,130014706
rs2150649,C,T,0.929,APMAP,3200,0.43,0.047,2.00E-19,24835418,24943579,24973425
rs75507001,C,A,0.957,APOA1,3200,0.55,0.061,1.70E-19,116577694,116706468,116708338
rs964184,G,C,0.878,APOA5,3200,0.371,0.037,7.90E-24,116648917,116660085,116663136
rs679899,G,A,0.503,APOB,3200,-0.246,0.024,5.70E-24,21250914,21224300,21266945
rs738469,A,G,0.903,APOBEC3G,3200,0.245,0.042,4.50E-09,39510995,39436672,39451975
rs964184,G,C,0.878,APOC3,3200,-0.194,0.038,2.60E-07,116648917,116700623,116703787
rs73196127,T,G,0.71,APOD,3200,-0.098,0.026,2.10E-04,195248757,195295572,195311076
rs7412,C,T,0.937,APOE,3200,0.795,0.049,2.70E-56,45412079,45409005,45412652
rs7412,C,T,0.937,APOE,3200,0.697,0.05,3.30E-43,45412079,45409005,45412652
rs7412,C,T,0.937,APOE,3200,0.47,0.05,1.10E-20,45412079,45409005,45412652
rs7412,C,T,0.937,APOE,3200,0.385,0.051,3.20E-14,45412079,45409005,45412652
rs808919,G,C,0.903,APOF,3200,0.321,0.04,6.90E-16,56647911,56754354,56756583
rs1801690,C,G,0.943,APOH,3200,0.552,0.053,6.50E-25,64208285,64208146,64225556
rs2071732,C,T,0.938,APOL1,3200,-0.437,0.048,1.10E-19,36680714,36649116,36663577
rs62232665,G,A,0.925,APOL1,3200,0.202,0.045,6.30E-06,36686526,36649116,36663577
rs115878542,T,C,0.961,APOM,3200,0.292,0.063,3.10E-06,31675297,31620186,31625987
rs2781668,C,T,0.795,ARG1,3200,0.162,0.031,1.50E-07,131897278,131894343,131905472
rs5899,C,T,0.989,ARHGAP1,3200,0.835,0.111,8.40E-14,46747662,46698624,46722215
rs13426364,C,T,0.715,ARHGAP25,3200,0.119,0.027,8.90E-06,68977254,68961912,69053957
rs11191379,C,T,0.897,ARL3,3200,0.362,0.04,3.80E-19,104482330,104433483,104474190
rs143771583,G,A,0.989,ARMC5,3200,-0.497,0.115,1.60E-05,31451081,31469593,31478488
rs182702653,G,A,0.811,ARPP19,3200,0.142,0.031,4.70E-06,53006354,52839241,52861643
rs4859610,A,G,0.778,ART3,3200,-0.254,0.027,4.60E-21,77000441,76932332,77033955
rs4859610,A,G,0.778,ART3,3200,-0.236,0.027,3.10E-18,77000441,76932332,77033955
rs3887182,G,A,0.611,ART4,3200,-0.721,0.021,2.80E-213,14997446,14982244,14996413
rs2813297,G,A,0.822,ASAH2,3200,0.566,0.031,5.40E-73,52018599,51946999,52008370
rs80081744,G,C,0.981,ASH2L,3200,-0.39,0.1,9.40E-05,38122161,37963010,37997598
rs62212171,T,C,0.89,ASIP,3200,-0.814,0.037,9.60E-98,32987687,32848170,32857148
rs2350578,G,A,0.374,ASPH,3200,-0.222,0.025,4.10E-18,62660578,62413114,62627199
rs7867909,G,C,0.638,ASPN,3200,0.326,0.024,1.70E-40,95092013,95218488,95244844
rs114887538,G,A,0.764,ATF6B,3200,-0.236,0.029,3.60E-16,32113980,32083044,32096017
rs35119871,C,T,0.629,ATP1B2,3200,0.198,0.025,4.70E-15,7567515,7549944,7561089
rs351976,T,C,0.709,AZU1,3200,0.216,0.027,1.50E-15,806673,827830,832017
rs3766186,C,A,0.899,B3GALT6,3200,0.271,0.041,6.50E-11,1162435,1167628,1170420
rs9544399,A,G,0.791,B3GALTL,3200,0.278,0.031,1.60E-19,31885907,31774111,31906411
rs693698,G,T,0.664,B3GAT3,3200,0.499,0.025,1.60E-86,62438819,62382767,62389647
rs11125907,G,A,0.63,B3GNT2,3200,0.124,0.026,1.50E-06,62339680,62423261,62451866
rs284663,C,T,0.56,B3GNT8,3200,0.744,0.021,9.80E-239,41932612,41931263,41934635
rs60988380,C,T,0.905,B4GALT1,3200,-0.216,0.04,5.80E-08,33117954,33110638,33167356
rs1859728,G,C,0.966,B4GALT2,3200,0.396,0.068,6.90E-09,44447413,44444873,44456843
rs113222817,T,G,0.965,B4GALT6,3200,1.143,0.063,8.10E-71,29216314,29202208,29264686
rs729460,T,C,0.613,B4GALT7,3200,0.139,0.026,5.40E-08,177036231,177027118,177037346
rs186872766,G,C,0.993,BCAM,3200,-1.021,0.143,1.20E-12,45300939,45312315,45324678
rs7541549,T,C,0.767,BCAN,3200,0.201,0.029,5.60E-12,156588439,156611739,156629324
rs62295996,G,A,0.811,BCHE,3200,0.443,0.03,8.30E-47,165482064,165490691,165555253
rs728635,G,T,0.928,BDNF,3200,-0.384,0.047,3.40E-16,27782281,27676441,27743605
rs75601975,T,G,0.928,BDNF,3200,-0.32,0.047,1.10E-11,27783503,27676441,27743605
rs11694743,A,G,0.623,BIN1,3200,-0.135,0.026,1.20E-07,127842607,127805598,127864903
rs12194931,G,A,0.815,BMP6,3200,-0.141,0.03,4.00E-06,7913683,7727010,7881961
rs73235147,A,T,0.833,BOC,3200,-0.241,0.032,1.10E-13,112973955,112930311,113006310
rs2161802,G,A,0.486,BPGM,3200,0.109,0.024,6.50E-06,134343484,134331530,134364567
rs1780617,A,G,0.853,BPI,3200,0.767,0.033,8.70E-113,36974157,36932551,36965905
rs141715080,C,T,0.973,BPIFA2,3200,0.429,0.076,2.00E-08,31742114,31755959,31769223
rs7263028,C,T,0.885,BPIFB1,3200,0.291,0.039,8.10E-14,31925484,31870940,31897684
rs16892260,G,T,0.847,BST1,3200,1.498,0.022,1.00E-300,15713003,15704572,15733796
rs13100619,A,C,0.962,BTD,3200,1.431,0.058,4.40E-122,15549967,15642858,15687328
rs7721375,T,C,0.507,BTNL8,3200,0.273,0.024,1.40E-28,180439650,180326076,180377906
rs10999992,T,C,0.853,C10orf54,3200,-0.256,0.035,2.10E-13,73528898,73507313,73533337
rs10999992,T,C,0.853,C10orf54,3200,-0.208,0.035,3.90E-09,73528898,73507313,73533337
rs79653698,A,G,0.984,C11orf68,3200,-0.406,0.094,1.70E-05,65753304,65684282,65686531
rs78865058,G,A,0.954,C1QC,3200,-1.102,0.057,2.40E-78,22944209,22970117,22974603
rs9915692,G,A,0.463,C1QL1,3200,-0.279,0.023,3.40E-32,43034207,43037060,43045644
rs840390,G,A,0.868,C1QTNF3,3200,0.203,0.037,2.80E-08,34018623,34017962,34043371
rs2511847,G,A,0.857,C1QTNF5,3200,-0.298,0.034,6.20E-18,119203359,119209643,119217383
rs16933084,A,T,0.883,C1R,3200,0.48,0.038,4.40E-36,7172084,7187514,7245043
rs6488561,G,A,0.695,C1RL,3200,0.27,0.027,5.60E-24,7246894,7247145,7261874
rs114508013,G,A,0.964,C2,3200,1.176,0.067,1.20E-66,31868765,31865561,31913451
rs163494,C,T,0.805,C3,3200,0.264,0.031,3.40E-17,6724340,6677845,6720693
rs11569479,T,C,0.864,C3,3200,0.294,0.036,8.40E-16,6696794,6677845,6720693
rs11569479,T,C,0.864,C3,3200,0.21,0.037,1.10E-08,6696794,6677845,6720693
rs11569500,A,G,0.883,C3,3200,0.161,0.039,4.20E-05,6691794,6677845,6720693
rs78431498,C,T,0.985,C3orf18,3200,0.425,0.096,9.90E-06,50513831,50595455,50608458
rs11120218,G,A,0.889,C4BPA,3200,-0.429,0.038,1.50E-28,207278451,207277606,207318317
rs1035029,G,A,0.611,C5,3200,0.182,0.025,2.10E-13,123742818,123714613,123812554
rs74480769,A,G,0.982,C7,3200,1.117,0.087,1.30E-36,40972211,40909598,40983042
rs74480769,A,G,0.982,C7,3200,0.91,0.09,9.20E-24,40972211,40909598,40983042
rs11790360,T,G,0.524,C8G,3200,-0.303,0.024,4.10E-36,139866247,139839697,139841426
rs265721,G,A,0.959,C9,3200,-0.375,0.06,5.90E-10,39354069,39284377,39364655
rs835209,C,T,0.958,C9,3200,-0.371,0.06,7.40E-10,39350363,39284377,39364655
rs265721,G,A,0.959,C9,3200,-0.354,0.061,5.50E-09,39354069,39284377,39364655
rs2453868,C,T,0.582,CA1,3200,-0.147,0.025,2.20E-09,86302696,86240457,86290383
rs2202237,C,T,0.522,CA10,3200,0.156,0.025,4.70E-10,50208784,49707673,50237377
rs2617805,T,C,0.846,CA11,3200,-0.175,0.033,1.10E-07,49112295,49141271,49149451
rs13259464,T,A,0.352,CA13,3200,-0.127,0.025,3.90E-07,86155928,86157715,86196302
rs10504813,C,T,0.768,CA3,3200,0.151,0.027,1.90E-08,86391581,86351055,86361267
rs3765963,A,G,0.444,CA6,3200,0.514,0.022,8.70E-113,9034598,9005892,9035148
rs3765963,A,G,0.444,CA6,3200,0.509,0.022,2.10E-106,9034598,9005892,9035148
rs7009482,G,A,0.589,CA8,3200,-0.188,0.025,5.90E-14,61195053,61101422,61193954
rs1868513,G,A,0.547,CACNA2D3,3200,-0.141,0.025,1.10E-08,54164523,54156692,55108584
rs550510,G,A,0.843,CALCOCO2,3200,0.19,0.033,1.00E-08,46926615,46908349,46942607
rs2017858,G,T,0.606,CAMP,3200,-0.105,0.026,5.20E-05,48382282,48264836,48266981
rs143448563,A,G,0.983,CAPG,3200,1.4,0.094,1.00E-48,85610023,85621870,85641197
rs12038299,G,A,0.71,CAPN2,3200,0.138,0.027,3.20E-07,223960392,223889294,223963720
rs10833024,C,K,0.673,CARS,3200,-0.108,0.026,2.90E-05,3010390,3022151,3078681
rs117403184,G,A,0.985,CASS4,3200,-0.412,0.101,4.50E-05,54881962,54987167,55034396
rs7933285,C,T,0.8,CAT,3200,-0.287,0.031,1.20E-20,34477125,34460471,34493607
rs77751615,A,C,0.967,CBL,3200,0.271,0.067,5.80E-05,118982806,119076985,119178859
rs41214,T,G,0.72,CBLN1,3200,-0.148,0.027,4.00E-08,49324739,49311828,49315742
rs6064315,G,A,0.916,CBLN4,3200,0.192,0.045,1.90E-05,54569910,54572412,54580528
rs57716069,C,T,0.977,CBR1,3200,0.804,0.078,1.80E-24,37421623,37442221,37445475
rs60409141,G,T,0.688,CBR3,3200,0.671,0.023,2.60E-160,37513392,37507262,37518860
rs4759076,T,C,0.526,CBX5,3200,-0.108,0.026,2.50E-05,54729872,54624730,54673915
rs143669862,A,C,0.764,CCDC126,3200,-0.261,0.029,4.40E-19,23660736,23636997,23684327
rs9864580,C,G,0.643,CCDC80,3200,-0.096,0.023,4.30E-05,112383813,112323232,112359990
rs58686460,T,C,0.82,CCL11,3200,0.129,0.031,4.40E-05,32516668,32612686,32615199
rs7222922,C,T,0.921,CCL14,3200,0.939,0.042,9.40E-101,34335694,34310691,34313764
rs1734958,G,A,0.963,CCL15,3200,-1.487,0.059,1.40E-127,34336561,34324617,34329084
rs1734959,A,G,0.963,CCL15,3200,-1.317,0.061,8.80E-96,34336510,34324617,34329084
rs10445391,A,G,0.937,CCL16,3200,1.4,0.043,8.70E-198,34306106,34303528,34308532
rs16956811,T,G,0.922,CCL17,3200,-0.523,0.046,6.10E-30,57444002,57438678,57449974
rs712042,G,A,0.887,CCL18,3200,-0.888,0.036,7.00E-124,34392880,34391631,34398841
rs11515363,G,A,0.745,CCL21,3200,0.181,0.028,1.60E-10,34755359,34709001,34710164
rs62037146,C,T,0.984,CCL22,3200,1.174,0.096,7.10E-34,57497439,57392694,57400102
rs712048,A,C,0.9,CCL23,3200,0.57,0.039,7.20E-47,34326215,34340095,34345005
rs9892586,A,G,0.963,CCL23,3200,-0.84,0.062,3.70E-41,34313915,34340095,34345005
rs7259568,C,T,0.866,CCL25,3200,-0.177,0.036,6.60E-07,8117608,8117645,8127547
rs77625270,C,T,0.924,CCL25,3200,1.213,0.042,9.90E-161,8121189,8117645,8127547
rs2070074,A,G,0.907,CCL27,3200,0.321,0.041,1.00E-14,34649442,34661879,34662689
rs77957201,C,T,0.947,CCL28,3200,0.236,0.057,3.20E-05,43235132,43376747,43412493
rs1102934,G,A,0.887,CCL3,3200,-0.682,0.037,2.90E-73,34389914,34415602,34417506
rs1102934,G,A,0.887,CCL3L1,3200,-0.468,0.038,2.00E-34,34389914,34522267,34625721
rs2687507,C,T,0.747,CCL4L1,3200,-0.239,0.029,1.50E-16,34433964,34538309,34641846
rs78655848,G,A,0.818,CCL5,3200,0.478,0.03,1.80E-54,34183956,34198495,34207377
rs2107538,C,T,0.819,CCL5,3200,0.389,0.031,5.40E-35,34207780,34198495,34207377
rs8068122,C,T,0.828,CCL7,3200,1.046,0.027,1.60E-263,32657536,32597234,32599261
rs4795912,C,G,0.804,CCL8,3200,1.221,0.022,1.00E-300,32674234,32646065,32648421
rs8066978,G,T,0.828,CCL8,3200,0.517,0.031,1.10E-58,32657542,32646065,32648421
rs7719891,A,G,0.763,CCNH,3200,0.123,0.029,2.00E-05,86577352,86690078,86708850
rs6909201,A,G,0.472,CD109,3200,0.532,0.022,1.40E-115,74463894,74405807,74538041
rs17208187,C,G,0.693,CD14,3200,0.182,0.026,3.90E-12,140023238,140011312,140013286
rs73937410,T,C,0.979,CD177,3200,-1.391,0.081,9.90E-64,43827126,43857810,43867324
rs6808365,C,T,0.745,CD200,3200,0.235,0.027,1.30E-17,112029701,112051915,112081658
rs144301783,A,G,0.537,CD200R1,3200,-0.204,0.024,9.40E-17,112634262,112641531,112693937
rs62126592,G,A,0.266,CD209,3200,-0.354,0.028,2.00E-35,7786178,7804880,7812464
rs1411262,C,T,0.736,CD274,3200,0.31,0.027,1.70E-29,5459419,5450502,5470567
rs2272111,G,A,0.788,CD300A,3200,0.435,0.028,1.20E-52,72469966,72462521,72480937
rs62087202,G,A,0.969,CD300C,3200,0.369,0.069,8.20E-08,72459919,72537204,72542310
rs8081669,G,A,0.551,CD300E,3200,0.27,0.025,4.20E-27,72614611,72606021,72619897
rs1354106,T,G,0.613,CD33,3200,0.912,0.019,1.00E-300,51737991,51728334,51743274
rs11974777,T,G,0.942,CD36,3200,-0.241,0.05,1.30E-06,80213056,80231503,80308593
rs61916275,C,T,0.71,CD4,3200,0.108,0.027,5.40E-05,6904790,6898637,6929976
rs114547897,T,C,0.986,CD48,3200,0.919,0.102,4.50E-19,160567498,160648535,160681641
rs145807285,A,G,0.74,CD55,3200,0.346,0.026,5.50E-39,207429440,207494816,207534311
rs61789231,G,A,0.983,CD58,3200,-0.358,0.093,1.30E-04,117087590,117057155,117113715
rs831636,G,A,0.654,CD59,3200,0.189,0.024,1.20E-14,33739598,33724555,33758025
rs2765496,G,T,0.549,CD5L,3200,-0.177,0.025,1.50E-12,157798923,157800703,157811634
rs116473040,A,G,0.955,CD7,3200,0.962,0.057,1.30E-61,80291652,80272745,80275480
rs4879924,T,C,0.883,CD72,3200,-0.177,0.039,5.00E-06,35681368,35609975,35618424
rs7029998,G,A,0.863,CD72,3200,-0.152,0.036,2.40E-05,35652287,35609975,35618424
rs111976570,A,C,0.81,CD8A,3200,-0.567,0.031,7.30E-73,87014112,87011727,87035519
rs73084583,T,G,0.947,CDC25B,3200,-0.236,0.054,1.10E-05,3911021,3767418,3786768
rs7621542,T,C,0.8,CDCP1,3200,0.18,0.031,5.90E-09,45206484,45123765,45187914
rs4783682,C,T,0.558,CDH1,3200,-0.102,0.025,4.60E-05,68806586,68771194,68869444
rs59614634,A,T,0.89,CDH11,3200,0.803,0.036,3.40E-101,65029943,64977656,65156040
rs2510885,G,C,0.752,CDK2AP1,3200,-0.124,0.028,8.90E-06,123614813,123745516,123756863
rs72772427,C,T,0.884,CDNF,3200,-0.224,0.037,9.70E-10,14911640,14861250,14879983
rs60929339,G,C,0.928,CDON,3200,0.686,0.046,2.10E-48,125897840,125826712,125933187
rs28483039,G,A,0.768,CEACAM19,3200,0.124,0.029,2.40E-05,45149235,45174723,45187627
rs2231495,T,C,0.609,CECR1,3200,0.894,0.019,1.00E-300,17669306,17659679,17702744
rs45487303,C,T,0.982,CEL,3200,-0.995,0.092,6.60E-27,135982493,135937364,135947250
rs3001999,T,G,0.825,CELA2A,3200,0.149,0.032,3.60E-06,15706071,15783222,15798586
rs4151671,C,T,0.949,CFB,3200,0.963,0.055,1.40E-66,31918903,31913720,31919861
rs70621,G,A,0.823,CFH,3200,0.499,0.031,1.40E-54,196705009,196621007,196716634
rs57809726,A,G,0.862,CFHR1,3200,1.295,0.027,1.00E-300,196841377,196788860,196801319
rs4915559,T,C,0.753,CFHR4,3200,0.655,0.026,1.70E-131,196886770,196857143,196887843
rs6685931,T,C,0.561,CFHR5,3200,-0.263,0.024,5.70E-27,196867233,196946666,196978803
rs71524421,C,G,0.639,CFHR5,3200,0.237,0.026,8.10E-20,196815708,196946666,196978803
rs10033900,T,C,0.522,CFI,3200,-0.295,0.024,3.60E-34,110659067,110661847,110723335
rs198558,G,T,0.853,CHAD,3200,-0.155,0.034,5.90E-06,48660714,48541852,48546227
rs9658667,G,A,0.984,CHGA,3200,-0.713,0.094,5.80E-14,93399050,93389444,93401641
rs9658667,G,A,0.984,CHGA,3200,-0.511,0.097,1.30E-07,93399050,93389444,93401641
rs903357,G,A,0.438,CHI3L1,3200,0.934,0.018,1.00E-300,203147610,203148058,203155922
rs11556868,C,T,0.871,CHI3L2,3200,-0.322,0.037,4.50E-18,111778325,111770280,111786062
rs872583,T,C,0.803,CHIT1,3200,1.072,0.025,1.00E-300,203184766,203185206,203198860
rs872583,T,C,0.803,CHIT1,3200,0.895,0.027,6.50E-205,203184766,203185206,203198860
rs116947359,G,C,0.934,CHKB,3200,0.266,0.05,9.70E-08,51042336,51017386,51021428
rs13077895,A,G,0.643,CHL1,3200,0.19,0.025,8.50E-14,93078,238278,451097
rs13077895,A,G,0.643,CHL1,3200,0.183,0.025,7.20E-13,93078,238278,451097
rs11236228,G,C,0.946,CHRDL2,3200,0.745,0.051,1.20E-47,74430102,74407472,74442430
rs4755334,G,A,0.828,CHST1,3200,0.184,0.033,3.10E-08,45693803,45669238,45687206
rs1650132,A,G,0.515,CHST11,3200,0.214,0.024,3.50E-19,104981657,104850691,105155792
rs2969076,A,G,0.872,CHST12,3200,-0.235,0.036,7.30E-11,2473747,2443194,2474216
rs10794181,G,C,0.6,CHST15,3200,0.119,0.024,1.10E-06,125972754,125767181,125853123
rs10794181,G,C,0.6,CHST15,3200,0.109,0.024,7.70E-06,125972754,125767181,125853123
rs8051241,A,C,0.834,CHST6,3200,0.141,0.034,3.60E-05,75622993,75507021,75528926
rs7233634,T,C,0.667,CHST9,3200,-0.28,0.026,1.70E-27,24717703,24495594,24765302
rs75727214,G,C,0.982,CKM,3200,0.567,0.089,2.60E-10,45737149,45809670,45826235
rs13866,C,T,0.691,CLEC11A,3200,0.154,0.026,4.00E-09,51228746,51226604,51228981
rs13866,C,T,0.691,CLEC11A,3200,0.138,0.026,1.90E-07,51228746,51226604,51228981
rs7970682,C,A,0.62,CLEC12A,3200,-1.056,0.017,1.00E-300,10160068,10103914,10138194
rs544605,T,C,0.781,CLEC1B,3200,-0.504,0.028,4.80E-70,10146707,10145661,10151899
rs10865936,G,A,0.78,CLEC3B,3200,0.254,0.029,3.10E-18,45036800,45067758,45077565
rs11055602,T,G,0.567,CLEC4C,3200,-0.95,0.019,1.00E-300,7904111,7882010,7902069
rs11829089,G,T,0.817,CLEC6A,3200,0.171,0.032,6.40E-08,8602020,8608590,8630926
rs76801943,G,A,0.986,CLIC5,3200,0.621,0.097,1.70E-10,45841470,45866189,46048085
rs7941947,T,C,0.658,CLMP,3200,0.261,0.025,1.50E-24,123064648,122942713,123066013
rs7996555,C,T,0.946,CLN5,3200,0.35,0.055,1.50E-10,77562492,77566058,77576652
rs9380535,T,C,0.596,CLPS,3200,0.482,0.025,6.30E-80,35751611,35762758,35765121
rs62099911,A,G,0.816,CNDP1,3200,-0.345,0.031,1.20E-28,72218512,72201691,72252261
rs62099910,A,G,0.816,CNDP1,3200,-0.325,0.031,8.60E-25,72217553,72201691,72252261
rs12602950,G,A,0.704,CNP,3200,0.187,0.027,3.80E-12,40123829,40118758,40129754
rs73645429,G,A,0.973,CNTFR,3200,0.562,0.072,7.70E-15,34594284,34551429,34590138
rs1571401,C,T,0.88,CNTFR,3200,0.314,0.036,2.70E-18,34572815,34551429,34590138
rs11177623,T,C,0.672,CNTN1,3200,-0.176,0.026,9.90E-12,41047351,41086243,41466213
rs1572995,C,T,0.9,CNTN2,3200,-0.714,0.04,1.50E-67,205024012,205012339,205047171
rs2729284,T,C,0.531,CNTN4,3200,0.157,0.024,1.50E-10,2135638,2140549,3099645
rs2614546,T,C,0.928,CNTN5,3200,-0.299,0.047,2.40E-10,99204253,98891705,100229616
rs6943324,T,C,0.572,CNTNAP2,3200,-0.198,0.025,4.50E-15,145719949,145813452,148118088
rs35561078,A,G,0.882,COCH,3200,-0.494,0.038,1.70E-38,31339073,31343740,31359822
rs1050673,A,G,0.647,COL11A2,3200,0.245,0.026,3.80E-21,33161661,33130468,33160245
rs7861925,G,T,0.889,COL15A1,3200,-0.289,0.038,1.80E-14,101785598,101705994,101833074
rs11702494,G,A,0.764,COL18A1,3200,0.176,0.028,6.50E-10,46876306,46825051,46933634
rs2546644,T,C,0.828,COL23A1,3200,-0.17,0.034,4.40E-07,177949429,177664616,178017556
rs2150458,G,A,0.414,COL6A1,3200,0.3,0.025,4.30E-33,47377296,47401662,47424963
rs2646260,A,G,0.704,COL6A3,3200,0.119,0.027,1.40E-05,238277795,238232654,238322850
rs3820897,T,C,0.813,COLEC11,3200,-0.857,0.027,3.60E-188,3642361,3642421,3692234
rs12957470,G,C,0.696,COLEC12,3200,-0.155,0.027,6.10E-09,591690,319354,500729
rs73525772,G,A,0.93,COLGALT1,3200,-0.222,0.048,3.90E-06,17671382,17666510,17693965
rs12983566,C,T,0.89,COMP,3200,-0.16,0.039,4.30E-05,18743869,18893582,18902114
rs13398149,A,C,0.871,COPS7B,3200,0.147,0.036,5.50E-05,232564881,232646380,232673963
rs66840048,T,C,0.872,COX6A1,3200,-0.152,0.038,5.70E-05,121028398,120875892,120878545
rs729167,C,T,0.749,CPA4,3200,0.994,0.023,1.00E-300,129951108,129932973,129964020
rs13318853,G,A,0.751,CPB1,3200,-0.257,0.028,1.30E-19,148562399,148545587,148577972
rs4942471,C,T,0.656,CPB2,3200,-0.576,0.024,3.20E-115,46644493,46627321,46679211
rs12298772,T,C,0.923,CPM,3200,-0.196,0.045,1.70E-05,69370438,69244955,69357020
rs6060578,C,T,0.9,CPNE1,3200,1.039,0.037,4.60E-157,34305445,34213952,34252878
rs145746079,T,C,0.972,CPQ,3200,1.192,0.073,7.10E-58,97832518,97657454,98155731
rs13043754,A,G,0.894,CPXM1,3200,0.741,0.039,6.10E-77,2783771,2774714,2781292
rs2688220,C,T,0.52,CPZ,3200,0.141,0.025,9.20E-09,8484413,8594386,8621488
rs4845360,T,G,0.453,CREB3L4,3200,0.276,0.024,1.90E-30,153966660,153940314,153946840
rs7516079,T,C,0.665,CREG1,3200,-0.286,0.026,4.80E-28,167515797,167510250,167523056
rs7615408,A,G,0.73,CRELD1,3200,1.009,0.022,1.00E-300,10000186,9975523,9987097
rs6414971,A,T,0.741,CRHBP,3200,-0.511,0.026,2.90E-79,76170674,76248679,76265299
rs586874,T,C,0.5,CRISP2,3200,0.462,0.02,4.50E-107,49721966,49660070,49681303
rs60910901,A,G,0.989,CRISPLD2,3200,1.012,0.114,1.50E-18,84896257,84853586,84943116
rs8079811,C,G,0.673,CRK,3200,-0.102,0.025,4.80E-05,1371473,1324646,1359561
rs2238647,G,A,0.778,CRLF1,3200,-0.286,0.029,1.40E-22,18710535,18704034,18717660
rs77463367,C,G,0.93,CROT,3200,0.348,0.047,1.60E-13,87006034,86974950,87029112
rs4287174,T,A,0.691,CRP,3200,0.207,0.027,1.90E-14,159703442,159682078,159684379
rs588061,C,T,0.529,CRTAC1,3200,0.346,0.024,8.60E-47,99642731,99624756,99790585
rs2370794,A,G,0.668,CRTAM,3200,-0.236,0.026,5.80E-20,122714782,122709205,122743347
rs3819946,T,C,0.861,CRYZ,3200,-1.175,0.029,2.90E-292,75175886,75171171,75199092
rs28384790,G,C,0.549,CSDC2,3200,0.097,0.025,9.10E-05,42060917,41957013,41972670
rs216140,C,T,0.747,CSF1R,3200,-0.125,0.028,8.00E-06,149443298,149432853,149492935
rs216141,C,T,0.745,CSF1R,3200,-0.114,0.027,3.20E-05,149443994,149432853,149492935
rs5756414,G,C,0.434,CSF2RB,3200,-0.507,0.023,1.40E-100,37330779,37309674,37336479
rs2435378,T,C,0.667,CSGALNACT2,3200,0.411,0.025,6.20E-57,43682990,43633892,43680754
rs11636952,T,C,0.314,CSK,3200,0.165,0.026,3.60E-10,75114322,75074424,75095539
rs4260306,C,T,0.738,CST1,3200,0.591,0.025,1.10E-115,23730336,23728189,23731574
rs4260306,C,T,0.738,CST2,3200,0.488,0.025,1.10E-78,23730336,23804403,23807312
rs71334202,A,C,0.788,CST3,3200,0.304,0.028,1.20E-26,23618652,23608533,23618685
rs7270028,C,A,0.896,CST4,3200,0.465,0.039,1.80E-31,23681073,23666276,23669662
rs2071444,G,A,0.799,CST5,3200,-0.824,0.026,7.30E-186,23858334,23856571,23860380
rs56579340,G,A,0.979,CST6,3200,-0.63,0.081,8.70E-15,65692760,65779461,65780976
rs56579340,G,A,0.979,CST6,3200,-0.614,0.081,6.50E-14,65692760,65779461,65780976
rs227618,T,C,0.763,CST7,3200,0.968,0.023,1.00E-300,24909472,24929865,24940564
rs77671253,G,T,0.987,CST7,3200,-1.137,0.103,7.70E-28,25005088,24929865,24940564
rs9388953,G,A,0.789,CTGF,3200,0.353,0.03,8.70E-32,132297509,132269316,132272518
rs8051363,A,G,0.743,CTRB1,3200,0.524,0.027,1.80E-81,75255217,75252883,75258822
rs7202566,C,A,0.8,CTRB2,3200,-0.945,0.026,6.00E-235,75247644,75237993,75241072
rs1736089,G,A,0.748,CTSB,3200,-0.612,0.025,1.60E-121,11705870,11700033,11725646
rs1293292,G,A,0.719,CTSB,3200,-0.395,0.027,3.20E-48,11710369,11700033,11725646
rs55897509,A,C,0.918,CTSC,3200,-0.926,0.041,2.30E-107,88066714,88026759,88070941
rs55861089,A,G,0.888,CTSD,3200,0.414,0.039,7.70E-26,1783757,1773981,1785222
rs607736,G,A,0.701,CTSF,3200,-0.18,0.027,2.20E-11,66328877,66330934,66336047
rs7177831,T,A,0.819,CTSH,3200,-0.911,0.027,3.80E-212,79246342,79214091,79237420
rs12592898,A,G,0.902,CTSH,3200,1.101,0.038,5.00E-166,79229199,79214091,79237420
rs72702561,T,C,0.924,CTSS,3200,0.764,0.045,4.40E-62,150685716,150702671,150738433
rs6070664,G,T,0.973,CTSZ,3200,1.186,0.071,7.60E-60,57536127,57570241,57582309
rs10794613,C,G,0.797,CUZD1,3200,-0.131,0.031,2.00E-05,124514138,124591670,124605691
rs671623,C,G,0.429,CX3CL1,3200,0.156,0.024,8.80E-11,57412802,57406372,57418960
rs3117602,C,A,0.972,CXCL1,3200,-0.394,0.073,8.90E-08,74732886,74735108,74737019
rs4859589,A,G,0.505,CXCL10,3200,-0.133,0.024,5.00E-08,76948299,76942268,76944689
rs72651379,A,G,0.869,CXCL11,3200,0.26,0.036,3.40E-13,76848954,76954839,76957350
rs148502670,A,G,0.985,CXCL12,3200,0.476,0.098,1.10E-06,44783547,44865600,44880545
rs2326100,G,A,0.63,CXCL16,3200,-0.155,0.026,1.60E-09,4676452,4636823,4643223
rs450373,G,A,0.85,CXCL5,3200,-0.758,0.031,5.10E-119,74858051,74861358,74864446
rs4279174,G,C,0.572,CXCL6,3200,-0.573,0.023,2.30E-130,74633811,74702272,74704477
rs4859571,C,T,0.802,CXCL9,3200,0.125,0.029,1.50E-05,76857309,76922494,76928676
rs7239618,C,T,0.681,CYB5A,3200,0.126,0.027,2.70E-06,71945370,71920526,71959251
rs77246175,G,C,0.921,CYB5D2,3200,-0.342,0.046,2.00E-13,4072761,4046461,4060995
rs62291616,T,C,0.814,CYTL1,3200,-0.354,0.029,1.20E-32,5052063,5016313,5021197
rs3087367,G,A,0.556,DBNL,3200,0.213,0.024,2.10E-18,44156146,44084238,44101316
rs9859042,G,A,0.936,DCBLD2,3200,0.421,0.048,4.30E-18,98677386,98514813,98620533
rs55887639,T,A,0.942,DCN,3200,0.266,0.052,3.40E-07,91548217,91539034,91576806
rs115538399,C,T,0.99,DDC,3200,0.537,0.125,1.90E-05,50581563,50526133,50633154
rs77802813,A,G,0.84,DDX58,3200,-0.152,0.034,7.70E-06,32436903,32455299,32526322
rs112799932,T,G,0.756,DDX6,3200,-0.128,0.028,6.00E-06,118585146,118618472,118661972
rs10956431,C,T,0.669,DECR1,3200,0.121,0.026,3.30E-06,91058391,91013579,91064227
rs3800401,A,G,0.845,DEF6,3200,0.143,0.033,1.70E-05,35155250,35265594,35289548
rs4284061,T,A,0.431,DEFA1,3200,0.171,0.024,3.30E-12,6878257,6835170,6875823
rs2738144,A,T,0.746,DEFA5,3200,0.123,0.027,7.40E-06,6826043,6912821,6914261
rs2741120,T,C,0.583,DEFB1,3200,0.391,0.023,8.30E-60,6726700,6728096,6735529
rs1194614,C,T,0.424,DKK1,3200,-0.289,0.024,1.30E-31,54134728,54074040,54077417
rs77571736,G,C,0.954,DKK2,3200,0.945,0.047,2.20E-83,107864984,107842958,107957453
rs113672631,G,T,0.774,DKK3,3200,0.153,0.028,4.60E-08,11863399,11984542,12030917
rs4391796,T,C,0.827,DKK3,3200,0.136,0.031,9.40E-06,12048674,11984542,12030917
rs10144381,C,T,0.373,DLK1,3200,-0.392,0.024,6.30E-58,101173297,101193201,101201467
rs2125739,T,C,0.753,DLK2,3200,0.142,0.026,7.90E-08,43412865,43418089,43424370
rs6456202,G,C,0.29,DLL1,3200,0.112,0.026,2.30E-05,170678494,170591293,170599697
rs73887965,A,G,0.928,DNAJB11,3200,0.713,0.047,2.40E-50,186314627,186288464,186303589
rs288336,G,T,0.623,DNAJC10,3200,0.135,0.025,8.50E-08,183619141,183580767,183644750
rs35032874,T,G,0.741,DNER,3200,0.162,0.029,1.70E-08,230309360,230222344,230579286
rs423135,G,A,0.429,DPEP1,3200,-0.313,0.024,5.50E-39,89740873,89679715,89704839
rs4880207,G,T,0.768,DPP7,3200,0.634,0.027,1.70E-111,139998693,140004991,140009195
rs1018454,A,C,0.452,DPT,3200,-0.287,0.023,6.90E-34,168697761,168664694,168698442
rs7596656,A,G,0.851,DPY30,3200,-0.136,0.033,4.90E-05,32364735,32248971,32264844
rs1790672,G,A,0.883,DSC2,3200,-0.193,0.036,1.20E-07,28693898,28645939,28682395
rs117342730,T,C,0.972,DSCAM,3200,-0.338,0.074,5.00E-06,42120403,41384342,42219039
rs2212617,A,G,0.602,DSG2,3200,0.137,0.024,1.10E-08,29087973,29078026,29128814
rs6480769,A,T,0.383,DUSP13,3200,-0.433,0.023,2.30E-72,76851503,76854189,76868970
rs113909935,C,T,0.912,DUSP28,3200,0.195,0.043,7.90E-06,241542183,241499470,241503431
rs117540572,G,A,0.939,DUT,3200,-0.339,0.05,2.10E-11,48670241,48623620,48635570
rs35729384,T,C,0.698,DYNLL2,3200,0.161,0.025,2.90E-10,56178900,56160779,56167618
rs10409421,A,G,0.716,EBI3,3200,1.049,0.019,1.00E-300,4254752,4229539,4237524
rs4802890,G,A,0.92,ECH1,3200,-0.533,0.044,2.20E-33,39304402,39306061,39322497
rs13437316,T,C,0.712,ECI2,3200,0.134,0.027,9.30E-07,4145202,4115926,4135831
rs1694369,A,G,0.659,ECM1,3200,0.366,0.025,1.00E-45,150351101,150480486,150486265
rs141332418,C,T,0.99,EDAR,3200,-2.043,0.123,4.80E-59,109607807,109510926,109605828
rs1985162,C,A,0.79,EFEMP1,3200,-0.183,0.028,1.40E-10,56030445,56093096,56151298
rs12427554,G,T,0.891,EFNB2,3200,-0.157,0.039,5.10E-05,107296275,107142078,107187388
rs8066124,T,C,0.763,EFNB3,3200,0.117,0.028,3.10E-05,7676703,7608519,7614693
rs1860129,G,C,0.377,EGF,3200,0.41,0.024,4.80E-62,110886343,110834039,110934118
rs11605328,A,G,0.737,EIF1AD,3200,0.133,0.028,2.50E-06,65859391,65764015,65769637
rs9889677,T,C,0.644,EIF4A3,3200,-0.114,0.026,1.40E-05,78056995,78109012,78120982
rs891206,G,A,0.61,ELANE,3200,0.124,0.026,1.80E-06,872255,852290,856246
rs61739314,G,C,0.962,EMILIN3,3200,0.855,0.061,4.40E-43,39990377,39988605,39995498
rs2072117,G,A,0.711,ENDOU,3200,-0.163,0.026,3.80E-10,48131728,48103517,48119355
rs4837181,C,A,0.982,ENG,3200,-0.534,0.092,8.30E-09,130521564,130577290,130617052
rs115579221,G,T,0.982,ENO1,3200,0.419,0.092,5.80E-06,8932932,8921058,8939151
rs62400860,T,C,0.96,ENPP5,3200,1.628,0.053,2.00E-182,46078561,46126918,46138747
rs35759773,A,T,0.6,ENPP7,3200,-1.014,0.018,1.00E-300,77698649,77704864,77716021
rs4918970,G,A,0.573,ENTPD1,3200,-0.136,0.024,2.00E-08,97563007,97471535,97637023
rs17094448,A,G,0.946,ENTPD5,3200,1.102,0.052,8.80E-94,74440119,74433180,74486026
rs4725617,A,G,0.902,EPHA1,3200,1.202,0.035,2.00E-223,143097100,143088204,143105985
rs28629977,G,C,0.564,EPHA2,3200,-0.148,0.023,2.00E-10,16497272,16450831,16482582
rs2043970,A,C,0.906,EPHB2,3200,0.437,0.041,1.20E-26,23061958,23037330,23247993
rs6687487,G,A,0.906,EPHB2,3200,0.414,0.04,9.20E-25,23061551,23037330,23247993
rs28455953,A,G,0.907,EPHB2,3200,0.233,0.042,3.50E-08,23060951,23037330,23247993
rs7789303,A,G,0.725,EPHB6,3200,0.239,0.026,6.30E-20,142552547,142552775,142568847
rs7789303,A,G,0.725,EPHB6,3200,0.206,0.026,9.20E-15,142552547,142552775,142568847
rs576236,C,T,0.578,EPO,3200,0.118,0.025,2.00E-06,100316975,100318422,100321323
rs2013717,T,G,0.771,ERAP1,3200,1.094,0.023,1.00E-300,96134175,96096513,96149848
rs38033,A,G,0.543,ERAP2,3200,-1.12,0.015,1.00E-300,96322136,96211643,96255406
rs766075,G,A,0.839,ERLEC1,3200,0.165,0.032,2.20E-07,53944813,54014067,54045956
rs1726625,T,A,0.424,ERO1LB,3200,0.314,0.025,9.30E-37,236386469,236378421,236445339
rs11604175,C,T,0.751,ESAM,3200,0.264,0.027,4.60E-22,124619407,124623018,124632223
rs11604175,C,T,0.751,ESAM,3200,0.192,0.027,3.00E-12,124619407,124623018,124632223
rs1216987,A,T,0.913,ESD,3200,0.229,0.043,1.00E-07,47342773,47345390,47371367
rs4242051,T,C,0.759,ESM1,3200,0.123,0.028,1.40E-05,54198775,54273694,54281414
rs6517101,T,G,0.349,EVA1C,3200,0.18,0.026,2.10E-12,33868483,33784744,33887710
rs11621315,C,T,0.713,EVL,3200,0.14,0.027,3.20E-07,100526655,100531750,100610573
rs7911122,C,T,0.768,EXOSC1,3200,-0.138,0.03,6.00E-06,99293656,99195665,99205768
rs1475931,G,T,0.825,F10,3200,-0.152,0.032,2.00E-06,113763926,113777112,113803843
rs1475931,G,T,0.825,F10,3200,-0.144,0.032,6.40E-06,113763926,113777112,113803843
rs4253417,T,C,0.626,F11,3200,-0.39,0.023,3.60E-61,187199005,187187117,187210835
rs12116643,T,C,0.863,F13B,3200,0.547,0.033,1.20E-60,196973183,197008320,197036397
rs137902590,A,T,0.986,F5,3200,0.984,0.106,2.40E-20,169361644,169481191,169555769
rs488703,G,A,0.89,F7,3200,1.086,0.034,1.80E-191,113770876,113760101,113774995
rs1545223,A,G,0.681,FABP1,3200,0.25,0.026,5.20E-21,88423510,88422507,88427650
rs1304403,C,A,0.846,FABP4,3200,0.154,0.031,7.00E-07,82412993,82390731,82395473
rs11555096,C,T,0.979,FAH,3200,1.518,0.081,4.40E-75,80472526,80445232,80478924
rs641320,G,A,0.942,FAIM,3200,-0.267,0.054,7.70E-07,138347957,138327541,138352213
rs4681693,G,A,0.503,FAM107A,3200,-0.11,0.025,7.20E-06,58574717,58549838,58613337
rs10736390,A,G,0.354,FAM151A,3200,0.246,0.025,2.00E-22,55103945,55074849,55089200
rs76851721,A,C,0.805,FAM171B,3200,0.416,0.03,9.70E-42,187642459,187558788,187628512
rs11683459,G,A,0.848,FAM171B,3200,0.248,0.034,3.20E-13,187601639,187558788,187628512
rs799498,G,T,0.852,FAM177A1,3200,-0.662,0.033,1.50E-83,35465636,35514112,35552589
rs4968917,C,T,0.881,FAM20A,3200,0.182,0.038,1.50E-06,66660535,66531256,66597095
rs6662144,G,C,0.382,FAM20B,3200,-0.108,0.026,2.60E-05,178988598,178995073,179045702
rs58958361,C,T,0.954,FAM3B,3200,0.792,0.057,3.30E-43,42717161,42688660,42729654
rs6807381,G,C,0.925,FAM3D,3200,0.396,0.045,3.40E-18,58649335,58619669,58652561
rs982764,T,C,0.705,FAS,3200,0.263,0.026,1.50E-24,90769998,90750287,90775542
rs982764,T,C,0.705,FAS,3200,0.241,0.025,3.00E-21,90769998,90750287,90775542
rs982764,T,C,0.705,FAS,3200,0.223,0.026,4.50E-18,90769998,90750287,90775542
rs11653003,G,T,0.379,FASN,3200,0.12,0.026,3.10E-06,80058795,80036213,80056106
rs67136035,T,-,0.459,FBLN1,3200,-0.132,0.024,5.00E-08,45813433,45898718,45997014
rs5765339,G,Y,0.403,FBLN1,3200,-0.132,0.024,6.40E-08,45817388,45898718,45997014
rs28382867,C,T,0.975,FBP1,3200,-0.34,0.078,1.50E-05,97400594,97365420,97402531
rs2277989,A,B,0.446,FCER2,3200,-0.262,0.025,1.90E-25,7761812,7753642,7767032
rs7535475,C,W,0.377,FCGR2A,3200,-1.041,0.018,1.00E-300,161463587,161475204,161489360
rs72633697,T,C,0.683,FCGR2B,3200,-0.962,0.02,1.00E-300,161659088,161632904,161648444
rs2099684,A,G,0.695,FCGR3B,3200,-0.408,0.026,6.40E-53,161500130,161592987,161601753
rs11103604,G,T,0.738,FCN1,3200,-0.469,0.027,3.60E-66,137857446,137801430,137809806
rs57136797,A,T,0.845,FCN2,3200,0.484,0.033,2.30E-48,137752540,137772657,137779366
rs12685659,A,T,0.897,FCN2,3200,1.06,0.037,1.10E-164,137776719,137772657,137779366
rs2474283,T,C,0.933,FCN3,3200,0.716,0.048,1.10E-48,27716213,27695600,27701315
rs2474283,T,C,0.933,FCN3,3200,0.683,0.05,4.30E-42,27716213,27695600,27701315
rs6427401,A,G,0.447,FCRL1,3200,0.283,0.024,2.70E-30,157748564,157764193,157789940
rs7522061,T,C,0.47,FCRL3,3200,0.681,0.022,7.20E-182,157668390,157647977,157670647
rs11591129,T,A,0.825,FCRL4,3200,1.063,0.027,2.30E-283,157561420,157543538,157567870
rs12083967,T,C,0.836,FCRL6,3200,0.143,0.034,2.00E-05,159778983,159770300,159786047
rs56112115,C,A,0.841,FETUB,3200,-0.356,0.032,7.90E-28,186378731,186358148,186370797
rs36023246,A,G,0.61,FGF7,3200,0.138,0.024,1.30E-08,49699311,49715374,49779523
rs4267253,G,A,0.904,FGF7,3200,-0.202,0.041,1.00E-06,49839547,49715374,49779523
rs11186737,C,T,0.746,FGFBP3,3200,0.302,0.027,5.90E-28,93666349,93666344,93669258
rs2403274,C,G,0.752,FGFR3,3200,0.177,0.029,6.70E-10,1754515,1795038,1810599
rs12511469,T,A,0.778,FGG,3200,0.129,0.029,7.90E-06,155451759,155525285,155533960
rs7815429,T,C,0.313,FGL1,3200,-0.446,0.025,3.30E-70,17737357,17721899,17753047
rs12071124,C,A,0.701,FH,3200,0.114,0.026,1.50E-05,241683705,241660856,241683085
rs11922368,T,C,0.704,FHIT,3200,-0.158,0.027,3.30E-09,60868238,59735035,61237133
rs10930831,G,C,0.768,FKBP7,3200,-0.365,0.027,2.00E-39,179303976,179328390,179343355
rs138056821,G,A,0.981,FLRT1,3200,-0.364,0.09,5.60E-05,63786124,63871361,63886645
rs6574818,G,A,0.729,FLRT2,3200,0.215,0.026,4.50E-16,85858447,85996487,86094270
rs13038351,A,T,0.783,FLRT3,3200,-0.404,0.029,1.00E-43,14467387,14304638,14318313
rs182447163,T,A,0.983,FLRT3,3200,0.427,0.096,9.80E-06,14209013,14304638,14318313
rs78183295,C,T,0.749,FLT4,3200,0.204,0.028,5.60E-13,179974479,180028505,180076624
rs4971253,A,G,0.921,FMOD,3200,0.25,0.045,2.70E-08,203321414,203309748,203320557
rs1250259,T,A,0.675,FN1,3200,0.505,0.024,5.00E-89,216300482,216225162,216300793
rs1250259,T,A,0.675,FN1,3200,0.427,0.025,2.80E-63,216300482,216225162,216300793
rs1250259,T,A,0.675,FN1,3200,0.337,0.025,2.30E-39,216300482,216225162,216300793
rs148966811,C,A,0.964,FOLH1,3200,-0.711,0.066,2.70E-26,49203862,49168186,49230222
rs79044525,G,C,0.99,FOXO3,3200,-0.525,0.129,5.00E-05,109079573,108881025,109005971
rs72888404,T,C,0.939,FRZB,3200,0.459,0.051,2.10E-19,183850394,183698004,183731498
rs1147707,C,T,0.666,FSTL1,3200,0.277,0.026,1.00E-26,120169248,120113060,120169918
rs61622571,C,T,0.833,FSTL3,3200,0.123,0.032,1.20E-04,688243,676388,683392
rs149024257,G,A,0.938,FTCD,3200,-0.287,0.051,1.90E-08,47686213,47556175,47575481
rs10094645,G,A,0.594,FUT10,3200,-0.215,0.022,4.20E-23,33360207,33228343,33330664
rs114518757,T,C,0.99,FUT2,3200,-0.642,0.119,8.30E-08,49051613,49199227,49209191
rs708686,C,T,0.771,FUT3,3200,0.657,0.026,2.80E-126,5840619,5842898,5851485
rs10420107,G,A,0.766,FUT5,3200,0.556,0.027,1.80E-91,5833279,5865836,5870551
rs4902389,A,G,0.837,FUT8,3200,-1.508,0.02,1.00E-300,65793224,65877309,66210839
rs17207524,G,T,0.962,G6B,3200,0.735,0.062,1.10E-31,31726850,31691120,31694485
rs12450199,A,C,0.647,GAA,3200,0.369,0.025,1.40E-48,78076592,78075354,78093679
rs12449192,C,G,0.36,GABARAPL2,3200,-0.139,0.025,1.80E-08,75615970,75600248,75611779
rs115757082,C,T,0.988,GALNT10,3200,-0.497,0.113,1.10E-05,153949896,153570294,153800543
rs12100668,G,A,0.408,GALNT16,3200,-0.194,0.025,4.40E-15,69793475,69726680,69821190
rs10849478,C,T,0.465,GAPDH,3200,0.133,0.025,1.20E-07,6621251,6643570,6647541
rs28786838,A,C,0.905,GAS1,3200,0.193,0.04,1.50E-06,89672301,89559276,89562104
rs34777723,T,A,0.861,GCA,3200,0.16,0.036,7.30E-06,163336969,163200582,163219148
rs45543339,C,T,0.763,GDF15,3200,-0.45,0.025,3.00E-69,18503194,18496967,18499986
rs2890364,G,A,0.774,GDI2,3200,0.219,0.029,9.10E-14,5833748,5807185,5855512
rs4269847,A,G,0.731,GFRA1,3200,-0.275,0.028,7.90E-23,117991102,117816441,118033126
rs15881,A,C,0.514,GFRA2,3200,0.311,0.023,5.50E-39,21550768,21549529,21646346
rs1032772,C,A,0.904,GFRAL,3200,-0.311,0.04,1.60E-14,55257935,55192266,55267291
rs4739046,T,C,0.92,GGH,3200,-0.711,0.044,1.70E-56,63979488,63927638,63951610
rs58353137,A,T,0.99,GH1,3200,0.527,0.124,2.20E-05,62059934,61994552,61996212
rs17574650,A,C,0.885,GHR,3200,0.275,0.037,1.30E-13,42436916,42423876,42721980
rs518930,A,G,0.454,GJD2,3200,0.1,0.024,2.60E-05,35020391,35044641,35046782
rs13008230,T,G,0.973,GKN2,3200,0.942,0.076,2.70E-34,69154583,69172363,69180102
rs3865014,G,A,0.761,GLCE,3200,0.855,0.024,1.60E-229,69561518,69452972,69564544
rs12209477,C,G,0.66,GLO1,3200,0.168,0.026,7.10E-11,38669799,38643701,38670952
rs9892407,C,G,0.652,GLTPD2,3200,-0.258,0.025,9.50E-25,4690500,4692253,4693884
rs7603438,A,G,0.774,GNLY,3200,-0.863,0.026,5.50E-214,85935182,85921413,85925974
rs7603438,A,G,0.774,GNLY,3200,-0.731,0.027,1.60E-148,85935182,85921413,85925974
rs9471987,A,G,0.402,GNMT,3200,0.4,0.024,2.40E-61,42944140,42928499,42931618
rs12589690,T,C,0.596,GNPNAT1,3200,0.162,0.025,7.10E-11,53276075,53241910,53258386
rs4984820,T,C,0.923,GNPTG,3200,-0.344,0.046,8.00E-14,1407809,1401899,1413352
rs12151862,A,G,0.774,GNRH2,3200,0.136,0.03,5.40E-06,3013354,3024267,3026391
rs7854118,T,C,0.903,GOLM1,3200,-0.269,0.041,6.30E-11,88721042,88641057,88715116
rs72835070,C,T,0.921,GP1BA,3200,-0.346,0.045,2.40E-14,4814689,4835569,4838325
rs34072658,T,C,0.822,GP5,3200,0.133,0.033,5.30E-05,194167455,194115549,194119995
rs1654425,T,C,0.836,GP6,3200,0.818,0.03,7.20E-150,55538980,55525074,55549632
rs342702,G,T,0.74,GPC5,3200,0.833,0.024,2.10E-218,92422946,92050872,93519487
rs858240,A,G,0.633,GPNMB,3200,0.251,0.025,3.70E-23,23284237,23286315,23314729
rs858240,A,G,0.633,GPNMB,3200,0.231,0.025,1.10E-19,23284237,23286315,23314729
rs76350761,A,G,0.941,GPNMB,3200,0.344,0.052,3.60E-11,23241737,23286315,23314729
rs28458177,G,A,0.658,GPNMB,3200,0.265,0.026,4.60E-24,23294872,23286315,23314729
rs1353079,C,A,0.749,GPX7,3200,0.113,0.028,7.80E-05,53015839,53068042,53074723
rs4422272,C,T,0.659,GRAMD1C,3200,-0.617,0.024,3.70E-133,113646657,113557680,113666021
rs5848,C,T,0.752,GRN,3200,0.158,0.029,5.10E-08,42430244,42422453,42430474
rs76581717,C,T,0.889,GSKIP,3200,-0.155,0.038,4.70E-05,96688303,96829788,96853627
rs76331566,C,T,0.969,GSN,3200,0.398,0.068,5.00E-09,124009014,124030379,124095120
rs115929572,G,A,0.935,GSTM1,3200,-0.249,0.05,6.70E-07,110246053,110230417,110236367
rs115929572,G,A,0.935,GSTM3,3200,-0.398,0.05,3.40E-15,110246053,110276553,110283660
rs1147611,G,T,0.64,GSTO1,3200,0.603,0.023,3.10E-139,106025258,106013951,106027222
rs11210601,T,C,0.855,GUCA2B,3200,-0.145,0.035,4.00E-05,42613302,42619091,42621495
rs139695917,T,C,0.985,GXYLT1,3200,-1.361,0.099,3.30E-42,42527041,42475647,42538673
rs11539752,G,C,0.776,GZMB,3200,0.564,0.028,2.70E-83,25101589,25100160,25103432
rs2273844,G,A,0.775,GZMB,3200,-0.166,0.029,2.10E-08,25103414,25100160,25103432
rs11956997,G,A,0.555,GZMK,3200,0.124,0.025,4.50E-07,54309711,54320106,54329960
rs9435144,T,C,0.425,H6PD,3200,-0.511,0.024,8.80E-96,9295444,9294862,9331394
rs72772967,A,C,0.677,HAPLN1,3200,-0.13,0.027,1.50E-06,83023205,82934016,83016896
rs56212061,C,T,0.852,HAPLN4,3200,-0.167,0.035,1.50E-06,19394640,19366451,19373596
rs6878069,A,G,0.537,HAVCR1,3200,0.399,0.024,2.40E-60,156471069,156456423,156486130
rs4704737,A,G,0.836,HAVCR2,3200,-0.66,0.029,6.50E-104,156533219,156512842,156536248
rs1142828,G,T,0.595,HBEGF,3200,0.095,0.024,9.30E-05,139623901,139712427,139726188
rs2541638,T,C,0.719,HBZ,3200,-0.176,0.027,1.90E-10,207611,202853,204504
rs4399146,G,A,0.717,HDGF,3200,0.269,0.027,3.20E-23,156713558,156711898,156722240
rs76922914,T,C,0.937,HDHD2,3200,-0.917,0.048,5.40E-77,44688454,44633780,44676871
rs984534,C,T,0.785,HGF,3200,0.158,0.03,1.20E-07,81382690,81331443,81399452
rs2498323,G,A,0.911,HGFAC,3200,1.761,0.031,1.00E-300,3451109,3443659,3451222
rs2498323,G,A,0.911,HGFAC,3200,1.649,0.033,1.00E-300,3451109,3443659,3451222
rs291447,A,C,0.393,HIBCH,3200,-0.631,0.023,2.90E-152,191177005,191069359,191184771
rs6732614,G,A,0.597,HK2,3200,0.115,0.026,1.30E-05,75098183,75059781,75120481
rs76957023,A,G,0.723,HMHA1,3200,-0.132,0.027,1.10E-06,1078994,1065921,1087830
rs72820961,G,A,0.993,HNRNPAB,3200,0.891,0.145,1.00E-09,177774190,177631507,177638184
rs77303550,C,T,0.818,HP,3200,-0.878,0.028,8.30E-184,72079657,72088507,72094955
rs77303550,C,T,0.818,HP,3200,-0.825,0.029,1.20E-159,72079657,72088507,72094955
rs11097414,A,Y,0.357,HPGDS,3200,-0.405,0.024,4.40E-59,95260301,95219706,95264027
rs11732810,T,G,0.773,HPSE,3200,0.541,0.028,7.70E-78,84230878,84213613,84256306
rs12806581,A,G,0.765,HPX,3200,-0.117,0.029,7.10E-05,6465896,6452267,6462254
rs55636108,T,C,0.843,HRG,3200,-1.045,0.028,7.60E-247,186381262,186383740,186396029
rs57392722,C,G,0.654,HRSP12,3200,0.16,0.026,5.90E-10,99127984,99114566,99129418
rs61202270,G,C,0.951,HS3ST3B1,3200,0.268,0.057,3.10E-06,14244442,14204366,14252721
rs7598684,T,A,0.57,HS6ST1,3200,-0.165,0.025,3.90E-11,129057416,129023053,129076171
rs473464,T,C,0.498,HSD17B14,3200,0.145,0.026,2.70E-08,49334248,49316273,49339934
rs2576975,A,G,0.698,HSP90B1,3200,-1.023,0.019,1.00E-300,104348430,104324111,104341708
rs116739740,G,A,0.934,HSPA1A,3200,-0.295,0.049,1.70E-09,31691657,31783290,31785719
rs115566560,T,C,0.848,HSPA1L,3200,-0.154,0.035,9.80E-06,31932177,31777395,31782835
rs2868371,C,G,0.767,HSPB1,3200,0.247,0.03,2.20E-16,75930759,75931874,75933614
rs35768187,C,G,0.99,HYAL1,3200,0.505,0.126,6.10E-05,50245991,50337319,50349812
rs901886,T,C,0.47,ICAM1,3200,1.072,0.016,1.00E-300,10402131,10381516,10397291
rs5030398,C,G,0.925,ICAM4,3200,0.226,0.047,1.80E-06,10392790,10397642,10399260
rs5030377,A,G,0.56,ICAM4,3200,0.11,0.026,1.70E-05,10393234,10397642,10399260
rs281439,G,C,0.793,ICAM5,3200,0.658,0.028,1.90E-111,10400110,10400654,10407454
rs281439,G,C,0.793,ICAM5,3200,0.639,0.029,7.10E-103,10400110,10400654,10407454
rs11558819,C,T,0.744,ICOSLG,3200,0.79,0.025,5.90E-194,45656774,45642877,45660887
rs59307670,C,T,0.787,ICOSLG,3200,0.144,0.03,1.70E-06,45652484,45642877,45660887
rs4690326,A,C,0.549,IDUA,3200,0.635,0.022,1.40E-157,953698,980784,998345
rs2257167,G,C,0.873,IFNAR1,3200,0.441,0.037,2.80E-32,34715699,34697213,34732128
rs12046369,G,T,0.853,IFNLR1,3200,0.244,0.035,3.30E-12,24526135,24480646,24513765
rs8034057,G,A,0.905,IGDCC4,3200,0.344,0.042,3.50E-16,65789430,65673824,65715410
rs629849,A,G,0.854,IGF2R,3200,0.655,0.032,5.80E-86,160494409,160390130,160527583
rs1065666,T,S,0.842,IGFALS,3200,0.153,0.033,3.90E-06,1839134,1840413,1844909
rs2453849,A,G,0.757,IGFBP1,3200,0.117,0.027,2.00E-05,45974665,45927958,45933267
rs17172621,G,A,0.982,IGFBP3,3200,-0.515,0.085,1.70E-09,46048280,45951843,45960871
rs495511,G,T,0.77,IGFBP4,3200,-0.123,0.03,3.50E-05,38580893,38599675,38613982
rs139739387,A,G,0.984,IGFBP5,3200,0.608,0.098,7.00E-10,217402489,217536827,217560272
rs10876402,T,A,0.759,IGFBP6,3200,0.11,0.025,1.40E-05,53459881,53491435,53496128
rs10876402,T,A,0.759,IGFBP6,3200,0.109,0.027,6.10E-05,53459881,53491435,53496128
rs1718860,G,A,0.704,IGFBP7,3200,-0.287,0.026,6.10E-28,57949517,57897236,57976551
rs10973757,T,C,0.606,IGFBPL1,3200,-0.115,0.028,3.40E-05,38347930,38406524,38424444
rs7260184,G,A,0.855,IGFLR1,3200,0.591,0.033,3.60E-69,36240614,36230150,36233351
rs140174,A,G,0.254,IGLL1,3200,-0.296,0.028,3.70E-25,23922983,23915312,23922495
rs35982135,T,C,0.725,IGLON5,3200,0.13,0.026,4.30E-07,51828135,51815101,51834102
rs614477,G,C,0.398,IGSF3,3200,0.117,0.024,1.70E-06,117236970,117117019,117210377
rs2834167,A,G,0.732,IL10RB,3200,0.16,0.028,1.10E-08,34640788,34638664,34669539
rs41274867,G,A,0.928,IL11RA,3200,-0.499,0.046,1.10E-26,34648088,34652181,34661898
rs983825,C,A,0.691,IL12B,3200,0.5,0.024,3.20E-87,158774965,158741790,158757481
rs4655701,T,C,0.442,IL12RB2,3200,-0.157,0.025,4.10E-10,67800953,67773046,67862583
rs7086174,C,A,0.603,IL15RA,3200,-0.299,0.023,9.00E-37,6016399,5994333,6020150
rs8177683,C,T,0.604,IL15RA,3200,-0.207,0.025,1.30E-16,6008958,5994333,6020150
rs7166271,C,T,0.909,IL16,3200,0.8,0.04,7.40E-83,81600020,81489218,81605104
rs187698899,C,T,0.99,IL17A,3200,-0.511,0.122,2.70E-05,52011790,52051184,52055436
rs2241047,C,G,0.509,IL17RA,3200,0.864,0.019,1.00E-300,17586583,17565848,17596584
rs59527464,C,T,0.823,IL17RD,3200,-0.404,0.032,8.50E-37,57122780,57124009,57199403
rs1861246,T,C,0.814,IL18R1,3200,-0.732,0.028,5.90E-134,102966783,102972742,103015235
rs1861246,T,C,0.814,IL18R1,3200,-0.561,0.03,9.30E-75,102966783,102972742,103015235
rs4851589,A,G,0.67,IL18RAP,3200,-0.137,0.026,1.80E-07,103077145,103035249,103069024
rs7588201,A,C,0.722,IL1R1,3200,0.163,0.026,2.60E-10,102746276,102686835,102796334
rs7561460,T,C,0.567,IL1R2,3200,0.381,0.024,7.40E-55,102617204,102608305,102644884
rs724609,G,A,0.865,IL1RAP,3200,-1.519,0.024,1.00E-300,190349078,190231839,190374986
rs724609,G,A,0.865,IL1RAP,3200,-1.445,0.026,1.00E-300,190349078,190231839,190374986
rs11676124,T,C,0.644,IL1RL1,3200,-0.617,0.021,9.30E-166,102941338,102927961,102968497
rs3917265,T,C,0.446,IL1RL2,3200,0.283,0.024,8.70E-32,102778461,102803432,102855811
rs11682107,G,A,0.446,IL1RN,3200,0.116,0.024,1.30E-06,113835522,113875469,113891593
rs111379368,T,G,0.942,IL23R,3200,0.362,0.052,6.20E-12,67735360,67632168,67725650
rs11667546,C,T,0.804,IL27RA,3200,0.41,0.031,8.60E-39,14068710,14142551,14163717
rs6800335,C,T,0.665,IL5RA,3200,-0.317,0.025,1.90E-36,3144765,3108007,3152058
rs6800335,C,T,0.665,IL5RA,3200,-0.306,0.025,2.20E-33,3144765,3108007,3152058
rs2228145,A,Y,0.583,IL6R,3200,-0.993,0.018,1.00E-300,154426970,154377668,154441926
rs2228145,A,Y,0.583,IL6R,3200,-0.973,0.019,1.00E-300,154426970,154377668,154441926
rs10471960,A,G,0.874,IL6ST,3200,-0.328,0.035,2.60E-20,55236374,55230924,55290821
rs72666886,C,T,0.903,IL7,3200,0.34,0.042,5.30E-16,79728782,79645006,79717758
rs6451229,A,G,0.669,IL7R,3200,-0.226,0.026,1.40E-18,35866218,35856976,35879705
rs756463,C,T,0.766,IL9,3200,-0.143,0.029,5.40E-07,135367757,135227934,135231516
rs112433249,T,C,0.992,IMPAD1,3200,1.685,0.136,1.70E-34,57876576,57870487,57906430
rs67721460,T,A,0.741,ING1,3200,-0.13,0.028,4.00E-06,111215537,111364969,111373421
rs775249,C,T,0.655,INHBC,3200,0.119,0.026,5.30E-06,57977003,57828467,57845845
rs61778082,T,C,0.865,INPP5B,3200,0.547,0.034,2.10E-55,38306356,38326368,38412729
rs17495511,C,T,0.722,INSL5,3200,-0.142,0.028,3.60E-07,67267080,67263423,67266942
rs3121567,T,C,0.986,ISG15,3200,0.736,0.104,2.40E-12,943468,948846,949919
rs923118,G,T,0.758,ISLR2,3200,-0.196,0.029,2.20E-11,74466271,74421714,74429143
rs28608714,C,T,0.856,ISM2,3200,-0.148,0.035,2.50E-05,78019880,77940737,77965210
rs678,A,T,0.614,ITIH1,3200,0.649,0.023,5.20E-160,52820981,52811601,52826084
rs73621225,T,A,0.933,ITIH2,3200,-1.181,0.044,1.40E-142,7740905,7745235,7791483
rs2535627,T,C,0.472,ITIH3,3200,0.366,0.023,7.20E-55,52845105,52828783,52843025
rs2239547,T,C,0.72,ITIH4,3200,0.141,0.027,1.60E-07,52855229,52847005,52864717
rs12572683,A,G,0.774,ITIH5,3200,0.202,0.029,8.60E-12,7652421,7601231,7708961
rs655627,G,A,0.566,JAM3,3200,0.184,0.024,4.10E-14,134021859,133938819,134021652
rs61387673,G,T,0.956,JPH3,3200,-0.248,0.059,2.60E-05,87768775,87635440,87731761
rs74911261,G,A,0.982,KDELC2,3200,1.61,0.09,1.40E-68,108357137,108342832,108369159
rs2305948,C,T,0.931,KDR,3200,-0.453,0.048,5.70E-21,55979558,55944425,55991762
rs12377295,A,G,0.448,KIAA1161,3200,-0.108,0.025,1.60E-05,34296352,34366663,34376894
rs2306765,A,G,0.98,KIAA1467,3200,-0.384,0.089,1.60E-05,13243647,13197314,13236383
rs12792396,G,A,0.381,KIAA1549L,3200,0.439,0.025,7.10E-68,33417110,33563876,33695646
rs11588551,C,T,0.418,KIAA2013,3200,0.178,0.025,2.00E-12,11941936,11979644,11986485
rs56168984,G,A,0.658,KLC1,3200,-0.112,0.026,2.10E-05,104189857,104095524,104167888
rs111477094,C,T,0.98,KLK1,3200,-0.374,0.093,6.20E-05,51373878,51322401,51327043
rs2569454,T,C,0.641,KLK10,3200,0.405,0.026,4.50E-54,51523203,51515999,51523431
rs1048328,G,A,0.934,KLK11,3200,1.537,0.04,1.30E-261,51527364,51525486,51531290
rs1048328,G,A,0.934,KLK11,3200,1.112,0.045,2.30E-121,51527364,51525486,51531290
rs3760739,G,T,0.659,KLK13,3200,0.388,0.025,3.90E-54,51538561,51559462,51568367
rs3760744,C,G,0.659,KLK13,3200,0.285,0.026,3.00E-27,51539606,51559462,51568367
rs2569491,G,A,0.654,KLK14,3200,-0.502,0.025,3.20E-86,51584916,51580751,51587467
rs1722558,A,G,0.623,KLK7,3200,0.255,0.025,4.00E-24,51482762,51479734,51487320
rs10410942,T,C,0.963,KLK8,3200,0.542,0.064,2.40E-17,51503653,51499263,51504958
rs10410942,T,C,0.963,KLK8,3200,0.377,0.064,4.80E-09,51503653,51499263,51504958
rs4253305,A,G,0.585,KLKB1,3200,-0.485,0.022,7.00E-98,187173691,187148671,187179625
rs3933456,C,A,0.625,KLRB1,3200,0.213,0.026,2.10E-16,9753788,9747869,9760497
rs9817038,C,T,0.512,KNG1,3200,0.307,0.024,6.90E-37,186429424,186435097,186462199
rs5030044,A,G,0.878,KNG1,3200,1.544,0.027,1.00E-300,186449122,186435097,186462199
rs5030044,A,G,0.878,KNG1,3200,0.482,0.037,3.60E-38,186449122,186435097,186462199
rs35755679,T,A,0.965,KREMEN1,3200,0.3,0.067,6.80E-06,29570556,29469065,29564321
rs3768844,A,G,0.789,KYNU,3200,0.569,0.029,6.90E-83,143796694,143635194,143799885
rs3782735,G,A,0.607,LAG3,3200,0.154,0.025,4.30E-10,6885076,6881669,6887621
rs3782735,G,A,0.607,LAG3,3200,0.147,0.025,2.60E-09,6885076,6881669,6887621
rs116988496,G,A,0.984,LAMA4,3200,0.425,0.099,1.80E-05,112301977,112429133,112575917
rs2276543,G,A,0.737,LAMC2,3200,-0.519,0.026,1.80E-81,183155305,183155173,183214262
rs187097936,C,G,0.985,LANCL1,3200,0.781,0.103,3.70E-14,211362949,211295972,211341499
rs13054775,A,G,0.463,LARGE,3200,0.123,0.025,1.30E-06,34273865,33669061,34316416
rs73112473,C,T,0.922,LBP,3200,1.009,0.043,2.40E-112,37006729,36974813,37005653
rs11618432,T,G,0.772,LCP1,3200,0.152,0.029,2.00E-07,46694716,46700057,46756459
rs4988235,G,A,0.148,LCT,3200,-0.963,0.029,5.30E-210,136608646,136545414,136594750
rs57880964,G,C,0.838,LEAP2,3200,-0.3,0.033,4.10E-19,132210674,132209357,132210582
rs248160,C,T,0.67,LECT2,3200,-0.312,0.026,3.70E-33,135293512,135282599,135290723
rs6658330,T,A,0.812,LEPR,3200,1.375,0.019,1.00E-300,66087829,65886334,66103176
rs2281097,T,C,0.434,LGALS2,3200,0.231,0.025,2.30E-20,37966060,37966252,37976024
rs76426991,G,A,0.912,LGALS3,3200,0.606,0.042,2.50E-45,55600939,55595934,55612148
rs4789847,A,G,0.829,LGALS3BP,3200,-0.196,0.033,3.90E-09,77004644,76967334,76976061
rs55945853,G,A,0.51,LGALS4,3200,0.181,0.024,7.70E-14,39230046,39292310,39303740
rs62055780,T,C,0.753,LGALS9,3200,0.203,0.03,7.90E-12,25971795,25958173,25976586
rs7140705,T,G,0.913,LGMN,3200,-0.268,0.045,3.60E-09,93224207,93170151,93215047
rs144390519,T,C,0.991,LGMN,3200,-0.553,0.132,2.80E-05,93333304,93170151,93215047
rs79502742,G,A,0.889,LHB,3200,0.594,0.028,6.10E-96,49500366,49519236,49520347
rs3099122,T,C,0.595,LIFR,3200,-0.119,0.025,1.90E-06,38602863,38475064,38595507
rs398217,A,G,0.773,LILRA3,3200,1.243,0.02,1.00E-300,54793038,54799849,54804265
rs2241384,G,A,0.811,LILRA4,3200,0.238,0.031,1.50E-14,54849942,54844455,54850440
rs8109267,G,T,0.712,LILRA5,3200,0.428,0.026,9.90E-60,54814414,54818352,54824409
rs8109873,T,C,0.712,LILRA5,3200,0.42,0.026,5.20E-56,54814429,54818352,54824409
rs36629,G,A,0.615,LILRA6,3200,0.286,0.025,1.00E-29,54691727,54720146,54746711
rs74345525,T,G,0.934,LILRB1,3200,1.753,0.04,1.00E-300,55096748,55128383,55148981
rs56883673,T,C,0.773,LILRB2,3200,0.775,0.026,1.20E-171,54793280,54777674,54785033
rs373032,T,A,0.778,LILRB2,3200,-0.651,0.027,8.40E-117,54783375,54777674,54785033
rs10405357,T,C,0.513,LILRB5,3200,0.994,0.019,1.00E-300,54759666,54754268,54761171
rs10509554,C,T,0.673,LIPN,3200,-0.541,0.024,7.20E-104,90525792,90521162,90537999
rs28419182,G,A,0.769,LMAN2,3200,0.124,0.027,6.00E-06,176728400,176758562,176778885
rs2271893,G,A,0.67,LMAN2L,3200,-0.181,0.026,1.90E-12,97405440,97371666,97405813
rs36105360,C,T,0.982,LMNB1,3200,-0.56,0.094,3.00E-09,126161690,126112314,126172712
rs62083740,C,A,0.745,LPO,3200,0.288,0.028,7.60E-25,56295701,56315786,56345879
rs76158750,C,T,0.907,LRIG3,3200,-0.445,0.041,1.60E-26,59354311,59265936,59314319
rs9371533,G,A,0.376,LRP11,3200,0.825,0.021,4.30E-286,150210681,150139893,150185480
rs10872645,G,A,0.329,LRP11,3200,0.49,0.024,1.90E-86,150063976,150139893,150185480
rs72679151,C,T,0.796,LRP12,3200,-0.211,0.03,2.60E-12,105627117,105501458,105601252
rs10218811,A,G,0.725,LRP8,3200,0.166,0.027,9.80E-10,53805882,53708040,53793821
rs923931,G,W,0.883,LRRC15,3200,-0.408,0.037,1.20E-27,194085047,194075975,194090472
rs998447,A,C,0.538,LRRC4C,3200,-0.137,0.024,2.20E-08,40310789,40135750,41481186
rs6862845,A,C,0.714,LRRTM2,3200,-0.114,0.027,2.00E-05,138273145,138205078,138211057
rs17646258,C,T,0.829,LSAMP,3200,0.222,0.031,1.50E-12,116038249,115521209,116164385
rs2247570,T,C,0.708,LTA4H,3200,-0.124,0.027,4.00E-06,96422377,96394530,96437298
rs1126477,C,T,0.781,LTF,3200,0.505,0.029,1.50E-65,46501268,46477495,46506632
rs147752462,G,C,0.988,LUM,3200,0.512,0.108,2.10E-06,91481305,91497231,91505542
rs540254,C,T,0.683,LY9,3200,-0.317,0.026,5.40E-34,160767737,160765863,160798045
rs114527818,T,A,0.951,LYVE1,3200,-0.369,0.055,3.30E-11,10619041,10579412,10590365
rs4761234,T,C,0.521,LYZ,3200,0.511,0.023,2.80E-104,69732105,69742133,69748013
rs1289863,T,C,0.692,MAN1A2,3200,0.21,0.026,1.50E-15,117854689,117910084,118068320
rs3767879,C,T,0.465,MAN1C1,3200,0.172,0.023,9.30E-14,26070909,25943958,26112698
rs17724993,A,G,0.433,MAN2B2,3200,0.346,0.025,6.40E-44,6598184,6576900,6624131
rs223489,A,G,0.662,MANBA,3200,-0.447,0.025,3.30E-69,103680984,103552642,103682151
rs4413619,T,C,0.868,MANEA,3200,1.51,0.025,1.00E-300,96082979,96025372,96057328
rs1552074,C,T,0.859,MANF,3200,0.391,0.035,2.60E-28,51408051,51422667,51426828
rs61922044,G,A,0.905,MANSC1,3200,-0.36,0.04,2.30E-19,12490914,12482217,12503169
rs11049131,G,A,0.771,MANSC4,3200,-0.827,0.025,7.40E-200,27923241,27915598,27924209
rs148318314,C,T,0.983,MAP2K2,3200,0.377,0.095,7.20E-05,4017738,4090319,4124126
rs10447396,G,A,0.75,MAPK13,3200,-0.196,0.029,1.10E-11,36113598,36098260,36112301
rs851047,A,T,0.584,MAPK14,3200,0.103,0.025,3.90E-05,35972103,35995453,36079013
rs28529403,T,C,0.402,MAPK3,3200,0.113,0.025,5.10E-06,30134656,30125425,30134630
rs2303009,A,G,0.855,MAPK9,3200,-0.167,0.035,1.30E-06,179745607,179660594,179719071
rs28945068,C,T,0.983,MASP1,3200,1.288,0.092,6.50E-43,186959295,186933872,187009810
rs11086957,C,T,0.747,MATN4,3200,0.288,0.029,2.20E-23,43924168,43922085,43937169
rs1007914,C,A,0.617,MAX,3200,0.12,0.025,2.60E-06,65566261,65472818,65569413
rs7899547,T,G,0.643,MBL2,3200,0.915,0.02,1.00E-300,54536839,54525139,54531460
rs190596489,A,C,0.993,MCL1,3200,0.778,0.15,2.20E-07,150562043,150547026,150552214
rs10209140,G,A,0.65,MDH1,3200,0.148,0.026,2.20E-08,63922369,63815742,63834330
rs12759273,C,A,0.988,MENT,3200,0.669,0.116,8.60E-09,151045024,151020258,151023871
rs1012541,G,A,0.966,MESDC2,3200,0.313,0.066,2.50E-06,81246028,81239667,81282219
rs1858830,C,G,0.539,MET,3200,0.126,0.026,1.10E-06,116312439,116312458,116438440
rs7457973,C,T,0.888,MET,3200,0.183,0.039,2.90E-06,116585673,116312458,116438440
rs804327,T,C,0.616,METAP2,3200,-0.132,0.024,5.50E-08,95862225,95867821,95909613
rs12189608,A,T,0.956,METTL24,3200,0.378,0.061,7.40E-10,110573292,110567148,110679475
rs2235932,C,T,0.354,MFAP2,3200,-0.179,0.024,2.20E-13,17303589,17300998,17308081
rs12898558,A,G,0.696,MFGE8,3200,-0.282,0.026,4.00E-26,89479043,89441913,89456700
rs113170157,G,C,0.442,MGAT2,3200,-0.15,0.025,1.10E-09,50102653,50087488,50090199
rs58413676,A,G,0.984,MGAT4B,3200,1.658,0.097,3.00E-62,179229151,179224597,179233952
rs67482087,T,G,0.645,MGP,3200,0.199,0.025,2.30E-15,15050262,15034114,15038853
rs2233154,C,T,0.93,MIA,3200,-1.204,0.042,1.50E-164,41281346,41281081,41283398
rs116423065,C,A,0.876,MICA,3200,0.812,0.036,1.00E-106,31416990,31367560,31383092
rs3093664,A,G,0.917,MICB,3200,-0.739,0.043,7.50E-64,31544642,31462657,31478901
rs2855812,G,T,0.799,MICB,3200,0.696,0.028,1.80E-126,31472720,31462657,31478901
rs5760120,G,A,0.558,MIF,3200,-0.264,0.025,7.70E-26,24266867,24236564,24237409
rs4822452,C,T,0.579,MIF,3200,-0.105,0.025,2.70E-05,24254363,24236564,24237409
rs11202439,G,A,0.544,MINPP1,3200,0.178,0.025,1.10E-12,89299709,89264222,89313218
rs2395400,G,A,0.734,MLN,3200,0.501,0.026,3.90E-79,33770076,33762448,33771793
rs471994,G,A,0.662,MMP1,3200,0.553,0.024,7.00E-107,102697731,102660640,102668966
rs17878931,G,T,0.847,MMP10,3200,-0.476,0.034,1.20E-42,102666655,102641232,102651359
rs12807063,A,G,0.849,MMP10,3200,-0.33,0.035,3.70E-21,102642510,102641232,102651359
rs17860967,T,C,0.848,MMP10,3200,-0.282,0.036,3.00E-15,102648057,102641232,102651359
rs17368582,T,C,0.894,MMP12,3200,0.699,0.037,5.10E-77,102738075,102733463,102745764
rs111900470,C,T,0.986,MMP13,3200,-0.471,0.108,1.40E-05,102809038,102813720,102826463
rs575027,A,G,0.439,MMP3,3200,-0.26,0.021,2.50E-33,102707914,102706527,102714342
rs11568819,G,A,0.945,MMP7,3200,-0.502,0.053,5.00E-21,102401633,102391238,102401478
rs2846714,G,T,0.768,MMP8,3200,-0.229,0.03,1.50E-14,102526610,102582525,102595685
rs6094239,G,A,0.959,MMP9,3200,-0.47,0.061,2.20E-14,44653549,44637546,44645200
rs77546475,G,A,0.98,MPG,3200,-0.631,0.088,1.10E-12,115507,127017,135850
rs4660731,G,A,0.663,MPL,3200,0.11,0.026,2.70E-05,43793214,43803474,43820135
rs36089182,A,T,0.945,MPO,3200,0.673,0.054,2.50E-34,56227116,56347216,56358296
rs2797593,A,C,0.359,MPP7,3200,0.121,0.027,8.60E-06,28655648,28339922,28571067
rs12243310,C,T,0.866,MRC1,3200,0.174,0.035,9.70E-07,18263213,17851341,18200091
rs2465430,A,G,0.984,MRC2,3200,-0.379,0.097,9.00E-05,60766224,60704761,60770962
rs11006489,G,A,0.593,MSMB,3200,0.84,0.019,1.00E-300,51546336,51549552,51562518
rs9852529,G,A,0.688,MST1,3200,1.335,0.013,1.00E-300,49730625,49721379,49726196
rs113243087,C,T,0.603,MTHFD1,3200,0.105,0.025,3.10E-05,64826893,64854758,64926725
rs35144922,T,C,0.693,MTHFS,3200,0.322,0.026,5.90E-35,80127913,80135888,80189627
rs1558251,A,G,0.518,MXRA7,3200,-0.297,0.023,1.30E-36,74697118,74669731,74707087
rs58317633,T,C,0.733,NAAA,3200,0.7,0.025,3.50E-159,76844443,76831807,76862166
rs4648729,T,C,0.512,NADK,3200,-0.146,0.026,1.10E-08,1808769,1682670,1711508
rs2287327,C,T,0.641,NAGK,3200,0.395,0.024,2.20E-57,71297982,71295407,71305998
rs12599777,A,G,0.818,NAGPA,3200,0.28,0.032,2.40E-18,5079466,5074844,5083942
rs2914001,C,T,0.833,NAPA,3200,-0.158,0.033,2.10E-06,48054608,47990890,48018515
rs12408663,T,C,0.788,NBL1,3200,0.145,0.028,2.20E-07,19968058,19969722,19984949
rs2288158,T,G,0.874,NCAM1,3200,-0.23,0.036,1.30E-10,113133676,112831968,113149158
rs2826851,A,G,0.733,NCAM2,3200,-0.37,0.027,1.70E-42,22835946,22370632,22912517
rs143981324,T,C,0.904,NCR1,3200,0.362,0.042,1.30E-17,55419632,55417507,55424439
rs769178,G,T,0.941,NCR3,3200,0.587,0.05,8.40E-31,31547514,31556659,31560762
rs35413298,G,A,0.683,NDST1,3200,0.123,0.026,2.40E-06,149939422,149877339,149937773
rs2220253,C,T,0.545,NEGR1,3200,0.148,0.024,1.20E-09,72565460,71868624,72748277
rs2220253,C,T,0.545,NEGR1,3200,0.133,0.024,2.80E-08,72565460,71868624,72748277
rs16907058,G,A,0.949,NELL1,3200,-0.989,0.052,2.20E-75,20952237,20691096,21597229
rs8026121,G,A,0.555,NEO1,3200,0.171,0.024,9.40E-13,73381240,73344824,73597547
rs6663324,T,C,0.908,NFASC,3200,-0.524,0.041,8.40E-37,204946764,204797781,204991950
rs72765466,C,T,0.759,NID1,3200,-0.227,0.029,2.30E-15,236218004,236139131,236228481
rs2749870,G,A,0.446,NID2,3200,-0.682,0.022,3.40E-190,52493068,52471519,52535946
rs150452493,C,T,0.9,NLGN2,3200,0.252,0.04,4.90E-10,7303808,7311501,7323183
rs12912342,T,C,0.661,NMB,3200,0.164,0.025,7.60E-11,85248216,85198359,85201802
rs12952884,C,T,0.6,NME2,3200,0.279,0.024,6.80E-30,49226051,49242795,49249105
rs3009190,T,C,0.76,NOTCH2,3200,-0.127,0.028,7.90E-06,120389422,120454175,120612317
rs4808238,G,A,0.866,NOTCH3,3200,-0.143,0.035,4.10E-05,15303729,15270443,15311792
rs114341171,G,C,0.949,NOTUM,3200,0.265,0.057,3.20E-06,79947238,79910382,79919057
rs17791208,G,T,0.76,NOV,3200,-0.238,0.029,1.30E-16,120432725,120428551,120436678
rs78213340,T,C,0.93,NPNT,3200,0.314,0.049,1.70E-10,106819613,106816596,106892828
rs549596,T,C,0.576,NPPB,3200,-0.163,0.023,1.90E-12,11916095,11917520,11918992
rs549596,T,C,0.576,NPPB,3200,-0.119,0.025,1.50E-06,11916095,11917520,11918992
rs62067239,C,T,0.874,NPTX1,3200,-0.316,0.036,1.80E-18,78505922,78440632,78450404
rs817765,T,C,0.367,NPTX2,3200,-0.103,0.026,5.50E-05,98230657,98246596,98259181
rs12628473,A,G,0.987,NPTXR,3200,-1.013,0.107,4.60E-21,39240717,39214455,39240017
rs112050738,C,G,0.833,NPW,3200,0.574,0.031,1.10E-74,2068741,2069520,2070756
rs11648249,A,T,0.751,NQO1,3200,0.27,0.029,7.30E-21,69627247,69743303,69760571
rs138616686,A,G,0.626,NQO2,3200,0.435,0.025,3.80E-64,3003970,3000049,3020110
rs1034825,C,T,0.534,NRCAM,3200,-0.11,0.024,6.00E-06,108083505,107788070,108096841
rs2253918,C,T,0.328,NRP1,3200,-0.261,0.025,3.40E-25,33478217,33466418,33623833
rs2247015,G,T,0.395,NRP1,3200,-0.186,0.024,1.40E-14,33485478,33466418,33623833
rs16837641,G,A,0.724,NRP2,3200,-0.136,0.027,4.70E-07,206634869,206547223,206662857
rs2370901,C,T,0.654,NRXN3,3200,0.189,0.025,6.30E-14,79572031,78636715,80334633
rs117844704,A,C,0.97,NT5C,3200,1.301,0.068,2.80E-77,73086991,73126319,73127890
rs17784533,G,A,0.904,NTF3,3200,0.189,0.043,9.10E-06,5550738,5541279,5604465
rs2511504,T,C,0.588,NTM,3200,-0.381,0.023,1.70E-58,131196396,131240370,132206716
rs2511504,T,C,0.588,NTM,3200,-0.283,0.024,6.30E-32,131196396,131240370,132206716
rs72809988,G,A,0.833,NTN1,3200,0.47,0.03,5.20E-53,8986397,8924858,9147317
rs10468483,T,C,0.84,NTN1,3200,0.457,0.031,7.30E-48,8993133,8924858,9147317
rs17288108,A,G,0.844,NTN4,3200,0.24,0.034,2.00E-12,96131895,96051582,96184536
rs115668827,G,C,0.949,NTNG1,3200,-1.233,0.052,3.10E-113,107678268,107682539,108027521
rs9944243,T,G,0.879,NTRK3,3200,-0.221,0.035,5.20E-10,88514162,88419987,88799962
rs7931925,G,C,0.483,NUDT8,3200,-0.118,0.027,1.10E-05,67292262,67395408,67397408
rs10030035,T,C,0.834,NUDT9,3200,0.321,0.033,1.80E-22,88351604,88343727,88380606
rs2845705,A,T,0.811,OAF,3200,-0.585,0.029,2.40E-84,120101092,120081746,120100650
rs11066452,G,T,0.702,OAS1,3200,-0.147,0.027,6.10E-08,113361574,113344738,113357712
rs4962104,T,C,0.808,OBP2B,3200,0.35,0.026,8.70E-40,136087047,136080665,136084637
rs77345174,T,C,0.81,OLA1,3200,-0.247,0.032,9.40E-15,174976833,174937174,175113365
rs11103667,C,T,0.815,OLFM1,3200,-0.193,0.032,2.60E-09,137978360,137967088,138013030
rs56243392,A,T,0.651,OLFM2,3200,-0.673,0.024,6.00E-157,10061960,9964393,10047228
rs4442925,C,T,0.455,OSCAR,3200,0.138,0.024,1.30E-08,54554950,54597932,54605994
rs877172,T,G,0.66,OXT,3200,-0.669,0.024,5.60E-156,3049890,3052265,3053163
rs192923361,C,A,0.755,PAM,3200,0.488,0.027,9.80E-69,102385023,102201526,102366808
rs34878017,T,C,0.824,PARK7,3200,-0.157,0.032,1.30E-06,8004440,8021713,8045342
rs72818110,A,C,0.951,PCBD1,3200,0.374,0.057,7.60E-11,72614896,72643264,72648543
rs1927820,C,G,0.846,PCDH9,3200,-0.266,0.033,2.20E-15,67774646,66876965,67804468
rs4729597,C,T,0.644,PCOLCE,3200,0.18,0.025,2.00E-12,100221849,100199881,100205798
rs4683702,T,G,0.63,PCOLCE2,3200,-0.413,0.025,2.70E-59,142617138,142536701,142608045
rs1820177,C,T,0.679,PCSK1,3200,0.921,0.021,1.00E-300,95696429,95726039,95768985
rs6589598,A,G,0.778,PCSK7,3200,1.043,0.024,1.00E-300,117002403,117075786,117103241
rs191448950,G,A,0.989,PCSK9,3200,1.069,0.113,8.40E-21,55584844,55505148,55530526
rs191448950,G,A,0.989,PCSK9,3200,1.009,0.117,1.00E-17,55584844,55505148,55530526
rs2706762,C,T,0.86,PCYOX1,3200,0.79,0.032,1.40E-121,70488470,70485230,70508317
rs16923189,A,G,0.702,PDCD1LG2,3200,-0.458,0.025,3.00E-70,5510644,5510544,5571282
rs4499344,G,A,0.291,PDCD5,3200,0.255,0.026,5.10E-22,33073431,33072093,33078358
rs10895596,G,A,0.7,PDGFD,3200,0.624,0.025,2.70E-129,104032043,103777913,104035027
rs67388297,C,G,0.92,PDGFRA,3200,0.24,0.045,1.20E-07,55142691,55095263,55164412
rs4705415,G,A,0.54,PDGFRB,3200,-1.052,0.016,1.00E-300,149517235,149493401,149535422
rs2517158,C,T,0.89,PDGFRL,3200,-0.171,0.04,1.70E-05,17453284,17433941,17500642
rs3110081,C,T,0.821,PDIA3,3200,0.194,0.032,1.50E-09,43995786,44038589,44064804
rs920900,C,G,0.342,PDIA5,3200,1.182,0.015,1.00E-300,122845671,122785855,122880953
rs6752558,A,G,0.693,PDIA6,3200,-0.119,0.025,2.80E-06,10915752,10923516,10978103
rs6864922,C,T,0.937,PDLIM4,3200,0.676,0.048,1.50E-44,131616290,131593350,131609147
rs148593140,G,C,0.983,PDXK,3200,0.547,0.093,4.60E-09,45282969,45138977,45182188
rs11264581,G,A,0.823,PEAR1,3200,0.184,0.032,6.80E-09,156883493,156863522,156886226
rs76597567,A,G,0.982,PEBP1,3200,1.971,0.085,4.00E-111,118584885,118573688,118583393
rs2670014,C,T,0.544,PENK,3200,0.423,0.023,8.00E-70,57376781,57353512,57359293
rs872914,G,A,0.711,PF4V1,3200,-0.784,0.023,1.90E-214,74718101,74719012,74720198
rs41289075,G,A,0.981,PGD,3200,0.369,0.091,5.50E-05,10473200,10459048,10480568
rs175484,T,C,0.571,PGF,3200,-0.126,0.025,4.10E-07,75556371,75408532,75422467
rs12980641,C,T,0.693,PGLYRP1,3200,0.233,0.027,1.50E-17,46528941,46522411,46526556
rs55866012,T,G,0.842,PGLYRP2,3200,0.486,0.033,1.80E-47,15578008,15579456,15590315
rs6104052,T,G,0.759,PI3,3200,-0.307,0.026,4.70E-32,43808783,43803539,43805185
rs60889510,A,C,0.911,PIANP,3200,0.174,0.042,3.80E-05,6852716,6802956,6810009
rs2007272,G,C,0.6,PIGR,3200,0.286,0.025,5.10E-30,207113755,207101866,207119811
rs6979218,C,G,0.723,PILRA,3200,-1.167,0.019,1.00E-300,99893148,99971067,99997722
rs12539172,T,C,0.668,PILRA,3200,-1.287,0.013,1.00E-300,100091795,99971067,99997722
rs4726600,G,A,0.741,PIP,3200,-0.188,0.027,7.80E-12,142881540,142829173,142836834
rs893812,C,T,0.731,PKDCC,3200,-0.236,0.027,5.60E-18,42303114,42275160,42285668
rs11052294,A,G,0.38,PKP2,3200,0.128,0.027,1.50E-06,33060226,32943679,33049780
rs3829126,G,T,0.903,PLA2G12B,3200,0.174,0.042,3.40E-05,74714177,74694937,74714510
rs4744,G,A,0.766,PLA2G2A,3200,-0.631,0.027,2.40E-111,20304926,20301923,20306932
rs71566584,A,C,0.96,PLA2G7,3200,-0.293,0.061,1.60E-06,46601581,46672052,46703430
rs4665141,A,T,0.447,PLA2R1,3200,0.626,0.022,2.90E-158,160890795,160797259,160919126
rs77346091,T,C,0.973,PLAT,3200,0.549,0.077,1.20E-12,42020158,42032235,42065194
rs2227564,T,C,0.74,PLAU,3200,-0.412,0.027,3.80E-50,75673101,75670861,75677258
rs2302524,T,C,0.82,PLAUR,3200,0.22,0.031,7.90E-13,44156472,44150246,44174498
rs9944338,A,G,0.781,PLCG2,3200,0.134,0.03,9.10E-06,81815751,81812862,81996298
rs8103643,G,A,0.963,PLD3,3200,0.265,0.066,6.10E-05,40832031,40854331,40884397
rs407354,C,T,0.893,PLEKHA7,3200,-0.225,0.04,1.40E-08,16886892,16809206,17035963
rs12191307,G,A,0.914,PLG,3200,0.548,0.043,3.20E-36,161256529,161123224,161175085
rs12191307,G,A,0.914,PLG,3200,0.35,0.045,8.30E-15,161256529,161123224,161175085
rs10215699,C,T,0.938,PLOD3,3200,0.228,0.051,7.00E-06,100862768,100849257,100861011
rs11011369,A,G,0.908,PLXDC2,3200,0.214,0.042,3.70E-07,20030442,20105371,20578784
rs891762,G,T,0.318,PLXNA1,3200,-0.182,0.027,9.60E-12,126739012,126707436,126756235
rs7292268,G,A,0.737,PLXNB2,3200,0.825,0.024,1.90E-216,50839797,50713407,50746001
rs7292268,G,A,0.737,PLXNB2,3200,-0.291,0.027,9.00E-27,50839797,50713407,50746001
rs6538487,A,G,0.382,PLXNC1,3200,-0.276,0.025,1.50E-28,94623824,94542498,94701451
rs3213122,C,A,0.908,PMEL,3200,-0.302,0.041,1.50E-13,56363666,56347888,56360496
rs56131457,G,T,0.991,PNKP,3200,0.556,0.13,2.00E-05,50417449,50364459,50370822
rs2915766,C,T,0.467,PNLIPRP1,3200,-0.146,0.025,5.10E-09,118353253,118350470,118368687
rs7910135,C,A,0.493,PNLIPRP2,3200,-0.969,0.018,1.00E-300,118398046,118380464,118404654
rs1760928,A,G,0.776,PNP,3200,0.327,0.029,1.20E-29,20955695,20937537,20946165
rs6058523,G,A,0.74,POFUT1,3200,0.219,0.028,1.80E-14,30650303,30795695,30826467
rs115511641,G,C,0.93,POGLUT1,3200,-0.819,0.046,8.50E-68,119217109,119187784,119213554
rs729654,C,T,0.534,POMGNT2,3200,0.274,0.024,4.30E-30,43147652,43120720,43147575
rs962462,A,G,0.714,POSTN,3200,0.244,0.025,8.60E-23,38089171,38136718,38172981
rs4941870,G,A,0.714,POSTN,3200,0.212,0.026,2.50E-16,38070549,38136718,38172981
rs9603222,T,C,0.603,POSTN,3200,-0.165,0.023,2.30E-12,38122528,38136718,38172981
rs17843966,A,C,0.743,PPID,3200,-0.415,0.027,1.90E-50,159629814,159630278,159644552
rs1046988,C,K,0.575,PPIE,3200,0.26,0.025,4.30E-25,40219065,40204516,40229586
rs57559820,G,C,0.813,PPIF,3200,-0.152,0.032,2.50E-06,81200234,81107219,81115089
rs10440825,G,A,0.961,PPIL1,3200,0.595,0.062,1.20E-21,36805767,36822605,36842800
rs4660387,C,G,0.693,PPT1,3200,-0.488,0.025,1.50E-79,40560236,40538381,40563142
rs10898041,G,A,0.838,PRCP,3200,-0.199,0.033,2.30E-09,82571314,82535408,82611557
rs6671141,T,G,0.85,PRDX6,3200,-0.413,0.034,8.80E-33,173446934,173446485,173457946
rs1051484,C,T,0.835,PREP,3200,-0.453,0.032,7.00E-44,105726036,105725441,105850999
rs12919956,C,T,0.806,PRKCB,3200,0.145,0.031,2.40E-06,23861326,23847299,24231932
rs16873193,G,C,0.949,PRLR,3200,-0.222,0.054,3.60E-05,35248545,35048860,35230691
rs2069901,T,C,0.58,PROC,3200,0.172,0.024,5.40E-13,128174843,128175995,128186822
rs1799810,A,T,0.579,PROC,3200,0.173,0.024,2.00E-12,128176040,128175995,128186822
rs7644362,G,A,0.798,PROK2,3200,-1.001,0.025,3.20E-289,71829242,71820805,71834357
rs61889468,C,T,0.952,PRRG4,3200,0.235,0.057,4.40E-05,32839784,32851480,32879669
rs7204669,G,A,0.7,PRSS22,3200,-0.259,0.025,3.90E-24,2910736,2902727,2908171
rs9304936,C,G,0.715,PRSS57,3200,0.599,0.026,7.50E-107,689590,685520,695461
rs11666373,G,C,0.632,PRTN3,3200,-0.273,0.026,3.20E-26,840599,840984,848175
rs1617214,G,C,0.758,PRTN3,3200,0.16,0.029,4.70E-08,877437,840984,848175
rs7086891,G,A,0.709,PSAP,3200,0.619,0.025,3.60E-122,73655350,73576054,73611082
rs35791045,A,G,0.819,PSAPL1,3200,-0.557,0.027,2.70E-88,7427107,7432020,7436700
rs8111762,T,C,0.739,PSG3,3200,-0.484,0.027,3.60E-68,43381618,43225793,43244668
rs10420089,C,T,0.607,PSG4,3200,-0.606,0.022,2.80E-145,43687770,43696853,43709926
rs62113694,G,T,0.927,PSG5,3200,-0.549,0.046,1.20E-31,43823065,43671894,43690688
rs28836541,G,A,0.767,PSG9,3200,-0.158,0.03,1.10E-07,43815234,43757433,43773715
rs756519,G,A,0.531,PSMB1,3200,0.412,0.023,8.10E-67,170850862,170844203,170862417
rs12379667,C,T,0.523,PTGDS,3200,-0.138,0.024,5.70E-09,139859954,139871955,139876194
rs4233450,G,T,0.822,PTGFRN,3200,0.478,0.031,2.20E-50,117490261,117452544,117532980
rs112140014,G,C,0.952,PTGR1,3200,-0.726,0.055,2.10E-38,114325849,114312001,114362135
rs41525752,C,T,0.857,PTHLH,3200,-0.173,0.035,7.40E-07,28254084,28111016,28124916
rs41274898,A,G,0.898,PTK7,3200,-0.162,0.04,5.10E-05,42974509,43044005,43129458
rs322329,C,G,0.548,PTN,3200,-0.133,0.02,3.20E-11,137018456,136912091,137028546
rs12574500,A,G,0.892,PTPRJ,3200,-0.199,0.04,8.30E-07,48148450,48002109,48192394
rs2179795,G,T,0.725,PTPRU,3200,0.154,0.028,3.80E-08,29642318,29563027,29653325
rs440277,G,A,0.7,PVRL2,3200,0.123,0.027,3.70E-06,45361224,45349392,45392485
rs34008669,A,G,0.502,PXDN,3200,0.158,0.023,1.80E-11,1709779,1635658,1748319
rs2297890,T,C,0.358,PYGL,3200,-0.122,0.026,2.90E-06,51411479,51371934,51411248
rs8074783,A,C,0.641,PYY,3200,0.157,0.026,1.20E-09,42028989,42030106,42081837
rs7311982,T,C,0.698,PZP,3200,0.5,0.019,2.70E-135,9314857,9301435,9360966
rs28458311,A,T,0.731,QDPR,3200,0.276,0.027,1.80E-23,17523907,17488015,17513857
rs13027919,C,T,0.538,QPCT,3200,0.271,0.024,3.50E-28,37567636,37571752,37600465
rs7256197,A,G,0.724,QPCTL,3200,0.238,0.027,5.50E-19,46202822,46195740,46207248
rs3767199,G,T,0.629,QSOX1,3200,-0.204,0.024,9.20E-17,180124667,180123967,180167169
rs12378344,G,C,0.476,QSOX2,3200,0.262,0.025,6.10E-26,139094171,139098181,139137687
rs9813363,G,A,0.825,RAB6B,3200,0.278,0.032,1.20E-17,133604743,133543079,133614691
rs73030851,A,G,0.839,RARRES1,3200,-1.347,0.024,1.00E-300,158416952,158414896,158450275
rs3735167,C,T,0.742,RARRES2,3200,-0.394,0.027,9.20E-46,150039555,150035406,150038763
rs36014035,A,C,0.643,RBP4,3200,0.147,0.025,7.20E-09,95360027,95351592,95360993
rs56057449,T,G,0.899,RBP4,3200,0.216,0.041,1.10E-07,95356786,95351592,95360993
rs477838,A,G,0.732,RCN1,3200,0.129,0.027,2.50E-06,32101281,32112476,32127272
rs144436375,A,C,0.98,RECQL,3200,-0.935,0.086,9.00E-27,21515500,21621843,21654603
rs1448213,C,A,0.588,REG1A,3200,0.22,0.026,2.00E-17,79298364,79347583,79350545
rs429694,A,C,0.794,REG3G,3200,-0.487,0.028,9.50E-63,79244586,79252811,79255630
rs2994813,T,C,0.778,REG4,3200,-0.169,0.028,2.20E-09,120361176,120336640,120354203
rs7118982,T,C,0.833,RELT,3200,-0.367,0.03,2.10E-33,73110668,73087404,73108519
rs2505535,A,G,0.727,RET,3200,0.414,0.026,4.00E-56,43593043,43572516,43625797
rs182917452,G,T,0.991,RETN,3200,0.73,0.127,9.90E-09,7872359,7733971,7735340
rs11074135,A,T,0.654,RGMA,3200,0.162,0.025,1.90E-10,93609460,93586635,93632443
rs12793446,T,C,0.975,RIC3,3200,-0.357,0.076,2.30E-06,8327356,8127596,8190590
rs7459897,G,C,0.515,RMDN1,3200,-0.831,0.02,1.00E-300,87505751,87484577,87521009
rs12885981,T,C,0.751,RNASE1,3200,0.273,0.026,2.60E-25,21280748,21269514,21271036
rs7142386,A,G,0.547,RNASE2,3200,-0.264,0.025,1.70E-26,21435052,21423629,21424594
rs2771316,C,T,0.723,RNASE3,3200,0.214,0.028,1.20E-14,21430474,21359561,21360507
rs1888560,C,T,0.683,RNASE4,3200,0.223,0.025,1.40E-18,21164245,21152371,21168761
rs2319516,G,A,0.737,RNASE6,3200,-0.684,0.024,3.90E-164,21246939,21249209,21250626
rs59698324,C,T,0.725,RNPEP,3200,0.371,0.027,3.80E-42,201965855,201951765,201975275
rs12080955,C,T,0.672,ROR1,3200,0.133,0.026,2.50E-07,64650628,64239689,64647179
rs6671162,A,G,0.677,ROR1,3200,0.199,0.025,3.20E-15,64625146,64239689,64647179
rs12135035,C,A,0.67,ROR1,3200,0.189,0.025,3.40E-14,64646752,64239689,64647179
rs6707271,C,T,0.599,RPIA,3200,-0.122,0.025,1.60E-06,89126216,88991175,89050452
rs7650934,T,C,0.582,RPN1,3200,-0.239,0.025,5.90E-21,128392373,128338812,128369719
rs2917775,C,T,0.944,RPS27A,3200,-0.213,0.052,3.90E-05,55526057,55459038,55462989
rs28928597,A,G,0.945,RRM2B,3200,-0.613,0.052,6.80E-31,103230339,103216728,103251346
rs28928597,A,G,0.945,RRM2B,3200,-0.357,0.055,1.00E-10,103230339,103216728,103251346
rs689275,T,C,0.581,RSPO2,3200,-0.125,0.024,1.90E-07,109241822,108911543,109095913
rs3734626,C,T,0.438,RSPO3,3200,-0.325,0.023,1.80E-45,127471791,127440047,127520626
rs1892171,G,A,0.602,RSPO3,3200,0.232,0.024,3.80E-22,127460349,127440047,127520626
rs6056847,G,A,0.575,RSPO4,3200,-0.172,0.023,9.00E-14,1028346,939095,982907
rs701447,C,T,0.593,RTN4R,3200,0.249,0.024,8.00E-25,20172313,20228937,20255816
rs2916193,G,A,0.745,S100A12,3200,0.223,0.029,7.60E-15,153331849,153346183,153348075
rs3014860,G,A,0.948,S100A7,3200,-1.208,0.051,1.80E-114,153314782,153430219,153433137
rs11024616,C,G,0.89,SAA1,3200,-1.225,0.033,7.90E-248,18327324,18287807,18291523
rs2727013,A,C,0.67,SCARA5,3200,0.257,0.026,1.10E-22,27787984,27727398,27850369
rs62089970,C,T,0.976,SCARF1,3200,-1.276,0.077,6.90E-60,1575872,1537151,1549083
rs9610955,C,G,0.778,SCARF2,3200,0.121,0.027,9.50E-06,20790723,20778873,20792146
rs1456297,C,A,0.8,SCG3,3200,0.471,0.029,4.30E-58,51964210,51973549,52013223
rs382266,T,C,0.924,SCGB3A1,3200,0.235,0.046,4.00E-07,180047412,180017104,180018487
rs2744874,T,C,0.866,SCUBE1,3200,-0.27,0.036,3.80E-14,43715862,43599228,43739394
rs79181084,C,A,0.955,SECTM1,3200,0.629,0.059,2.20E-26,80325786,80278899,80291921
rs4265482,T,C,0.78,SELE,3200,0.143,0.029,8.10E-07,169727882,169691780,169703220
rs4987358,G,T,0.698,SELL,3200,0.382,0.026,6.00E-48,169665551,169659805,169680843
rs6136,T,G,0.881,SELP,3200,1.04,0.034,1.50E-184,169563951,169558087,169599377
rs73191242,G,A,0.795,SELPLG,3200,0.209,0.03,2.10E-12,109013956,109015679,109027670
rs10262428,T,G,0.675,SEMA3C,3200,0.144,0.027,7.40E-08,80570142,80371853,80548667
rs60909458,A,T,0.843,SEMA3E,3200,1.169,0.027,1.00E-300,83007116,82993221,83278479
rs12668853,G,A,0.849,SEMA3E,3200,-0.505,0.033,2.40E-50,83049439,82993221,83278479
rs1011063,C,T,0.833,SEMA3G,3200,-0.249,0.032,1.70E-14,52506848,52467267,52479043
rs112826173,A,G,0.981,SEMA4C,3200,0.713,0.09,4.00E-15,97489654,97525472,97535735
rs45464494,C,T,0.929,SEMA4D,3200,1.278,0.041,1.50E-187,91994433,91975705,92094611
rs16883128,G,A,0.882,SEMA5A,3200,-1.385,0.03,1.00E-300,9550770,9035137,9546233
rs8105192,C,G,0.497,SEMA6B,3200,0.103,0.024,1.60E-05,4547371,4542599,4559771
rs1005283,A,G,0.524,SEMG1,3200,0.105,0.025,2.20E-05,43977614,43835637,43838414
rs4905192,T,C,0.726,SERPINA1,3200,-0.168,0.027,4.20E-10,94829062,94843083,94857029
rs941591,T,C,0.805,SERPINA10,3200,-0.908,0.026,3.60E-223,94756750,94749649,94759608
rs2232710,T,C,0.988,SERPINA10,3200,1.706,0.108,4.60E-54,94750486,94749649,94759608
rs17090881,C,A,0.835,SERPINA11,3200,0.288,0.031,1.80E-20,94913209,94908800,94919122
rs4900236,C,T,0.758,SERPINA12,3200,-0.365,0.028,2.40E-37,95005153,94953610,94984181
rs61976132,G,A,0.825,SERPINA3,3200,0.225,0.033,6.20E-12,95112095,95078713,95090390
rs7150987,A,G,0.735,SERPINA3,3200,0.146,0.028,2.80E-07,95129047,95078713,95090390
rs10149354,C,T,0.741,SERPINA4,3200,-0.522,0.027,1.90E-78,95038368,95027756,95036250
rs10146582,G,A,0.741,SERPINA4,3200,-0.412,0.028,6.80E-49,95037778,95027756,95036250
rs8009930,A,T,0.864,SERPINA5,3200,0.191,0.035,5.60E-08,95049084,95047705,95059457
rs76524332,G,A,0.896,SERPINA9,3200,0.182,0.04,5.90E-06,94906822,94929057,94942670
rs4729660,T,C,0.373,SERPINE1,3200,-0.126,0.026,1.10E-06,100757059,100770369,100782547
rs68066031,T,C,0.811,SERPINE2,3200,1.017,0.028,5.90E-246,224880498,224839764,224904036
rs1136287,C,T,0.665,SERPINF1,3200,0.373,0.025,4.50E-49,1673276,1665258,1680859
rs1136287,C,T,0.665,SERPINF1,3200,0.371,0.025,2.70E-48,1673276,1665258,1680859
rs11229080,T,C,0.742,SERPING1,3200,-1.002,0.023,1.00E-300,57399511,57365026,57382326
rs7102271,G,T,0.742,SERPING1,3200,0.75,0.025,2.30E-178,57396825,57365026,57382326
rs1838964,C,T,0.571,SFRP1,3200,0.117,0.025,2.10E-06,41171232,41119475,41166990
rs75474297,T,A,0.855,SFRP4,3200,-0.302,0.034,2.10E-18,37973124,37945534,37956525
rs1130866,G,A,0.466,SFTPB,3200,-0.686,0.022,3.50E-189,85893741,85884439,85895864
rs6010042,G,A,0.748,SHANK3,3200,-0.327,0.027,6.60E-33,51098764,51113069,51171640
rs858519,T,C,0.474,SHBG,3200,-0.214,0.024,2.30E-18,7531965,7517381,7536701
rs858519,T,C,0.474,SHBG,3200,-0.201,0.025,3.90E-16,7531965,7517381,7536701
rs8067462,C,A,0.607,SHMT1,3200,-0.3,0.025,1.00E-31,18263571,18231173,18266877
rs7485577,G,A,0.678,SHMT2,3200,-0.108,0.026,4.90E-05,57616061,57623355,57628718
rs1973095,C,T,0.83,SIGLEC12,3200,-1.175,0.025,1.00E-300,52003864,51994480,52005043
rs16982907,C,T,0.824,SIGLEC14,3200,0.85,0.03,3.60E-162,52163035,52145805,52150132
rs140056884,C,T,0.962,SIGLEC14,3200,-0.712,0.064,3.40E-28,52045124,52145805,52150132
rs2305771,T,C,0.92,SIGLEC6,3200,-1,0.042,1.30E-114,52033572,52022783,52035110
rs2691254,C,T,0.507,SIGLEC7,3200,-0.156,0.027,5.10E-09,51608803,51645557,51656783
rs1039405,A,G,0.514,SIGLEC9,3200,-1.136,0.015,1.00E-300,51626237,51628136,51639520
rs6075340,G,A,0.64,SIRPA,3200,1.315,0.012,1.00E-300,1894335,1874812,1920540
rs4814391,C,T,0.841,SIRPB1,3200,1.031,0.03,4.70E-226,1603143,1545028,1600689
rs2281808,T,C,0.678,SIRPG,3200,0.242,0.027,2.40E-19,1610551,1609797,1638425
rs1748512,A,G,0.788,SLAMF6,3200,0.147,0.029,5.40E-07,160439075,160454819,160493052
rs11581248,C,T,0.895,SLAMF7,3200,1.172,0.035,3.80E-208,160720074,160708846,160724608
rs62282371,T,G,0.887,SLITRK3,3200,0.345,0.038,3.70E-19,164911694,164904507,164914469
rs7333224,G,A,0.756,SLITRK5,3200,-0.112,0.027,4.10E-05,88421901,88324869,88331870
rs2743334,A,G,0.717,SLPI,3200,-0.134,0.026,2.20E-07,43919745,43880879,43883205
rs749396,G,C,0.928,SMOC1,3200,0.217,0.047,3.90E-06,70344723,70346113,70499083
rs1958078,A,C,0.864,SMOC1,3200,0.256,0.032,2.10E-15,70354858,70346113,70499083
rs1050239,G,A,0.715,SMPD1,3200,0.31,0.026,1.80E-31,6415463,6411643,6416228
rs13192569,G,A,0.825,SMPDL3A,3200,0.817,0.029,8.80E-161,123127597,123110193,123130864
rs1372518,A,C,0.775,SNCA,3200,-0.33,0.029,7.90E-30,90757294,90645249,90759447
rs2737002,A,G,0.791,SNCA,3200,-0.181,0.03,1.40E-09,90753180,90645249,90759447
rs112001928,A,G,0.987,SNX17,3200,-0.434,0.105,3.60E-05,27566454,27593362,27600400
rs2695234,A,G,0.919,SOD3,3200,-0.736,0.042,1.10E-64,24804238,24797084,24802467
rs2695234,A,G,0.919,SOD3,3200,-0.684,0.043,1.30E-55,24804238,24797084,24802467
rs7681694,G,A,0.371,SPARCL1,3200,0.461,0.024,1.20E-78,88462729,88394481,88450655
rs6820415,G,A,0.788,SPARCL1,3200,-0.232,0.03,8.80E-15,88447303,88394481,88450655
rs989128,G,A,0.6,SPATA20,3200,0.463,0.024,4.00E-81,48636534,48624449,48633213
rs4705205,C,T,0.573,SPINK1,3200,-0.212,0.025,1.50E-17,147218813,147204142,147218794
rs9993023,G,A,0.971,SPINK2,3200,-0.789,0.07,3.70E-29,57688591,57676025,57688035
rs2052536,T,G,0.349,SPINK5,3200,-0.152,0.026,3.30E-09,147504557,147443534,147516925
rs10038416,A,G,0.936,SPINK6,3200,1.43,0.043,2.40E-210,147593231,147582356,147594700
rs35395149,A,G,0.952,SPINT1,3200,0.284,0.055,2.10E-07,41258944,41136245,41149853
rs71354995,A,G,0.763,SPINT2,3200,1.021,0.023,1.00E-300,38791841,38755097,38783254
rs13042504,A,G,0.483,SPINT3,3200,-0.288,0.015,3.40E-76,44137176,44141100,44144264
rs1245547,A,G,0.462,SPOCK2,3200,0.211,0.025,3.00E-17,73846341,73818791,73848790
rs62353586,G,A,0.969,SPOCK3,3200,-1.443,0.067,4.60E-96,168139859,167654535,168155741
rs11023056,A,G,0.557,SPON1,3200,-0.199,0.023,6.60E-18,14052119,13984183,14289679
rs2618521,A,G,0.648,SPON1,3200,-0.174,0.024,2.20E-13,14053332,13984183,14289679
rs878323,G,T,0.687,SPON2,3200,-0.213,0.026,1.80E-16,1169813,1160720,1202750
rs1381949,G,A,0.491,SPP1,3200,0.131,0.025,1.20E-07,88832799,88896801,88904563
rs151207248,C,T,0.974,SPTLC2,3200,-0.323,0.077,2.80E-05,77961259,77972339,78083110
rs8046884,C,G,0.495,SRL,3200,0.15,0.024,6.30E-10,4269558,4239374,4292081
rs7463447,A,G,0.482,ST3GAL1,3200,-0.185,0.025,9.90E-14,134490162,134467090,134584183
rs3796133,G,A,0.943,ST3GAL6,3200,1.85,0.042,1.00E-300,98517843,98451079,98514689
rs17099799,T,C,0.974,ST6GALNAC5,3200,-0.382,0.08,1.80E-06,77459537,77333185,77529737
rs183995738,C,A,0.987,ST6GALNAC6,3200,-0.715,0.107,3.10E-11,130542640,130647599,130667627
rs35512633,C,T,0.915,ST8SIA6,3200,-0.217,0.042,3.30E-07,17457838,17362675,17496254
rs3869549,T,A,0.607,STAT3,3200,0.109,0.025,1.70E-05,40492540,40465342,40540513
rs4872190,T,C,0.756,STC1,3200,0.111,0.027,4.70E-05,23613539,23699433,23712320
rs60864581,C,A,0.788,STX8,3200,-0.156,0.03,1.40E-07,9346530,9153787,9479275
rs296369,T,C,0.843,SULT2A1,3200,0.36,0.033,1.70E-27,48371853,48373722,48389654
rs78742138,T,C,0.964,SVEP1,3200,-0.665,0.06,8.00E-28,113260708,113127528,113342160
rs78742138,T,C,0.964,SVEP1,3200,-0.613,0.06,5.20E-24,113260708,113127528,113342160
rs360155,C,T,0.59,SWAP70,3200,-0.297,0.025,9.10E-33,9759202,9685623,9774538
rs145976521,G,A,0.901,SYT11,3200,0.439,0.041,4.50E-26,155816085,155829259,155854990
rs10260339,G,A,0.824,TAC1,3200,0.15,0.033,6.10E-06,97350023,97361270,97369784
rs146306986,C,T,0.99,TAPBP,3200,-2.515,0.117,3.00E-96,33192413,33267471,33282164
rs12964,T,C,0.49,TAPBPL,3200,0.897,0.019,1.00E-300,6572191,6561176,6571488
rs3826503,G,A,0.847,TAX1BP3,3200,-0.146,0.034,2.00E-05,3474660,3566186,3571973
rs10802708,G,C,0.648,TBCE,3200,-0.154,0.026,1.90E-09,235594951,235530674,235612283
rs118120097,C,A,0.988,TBL2,3200,-0.444,0.112,7.40E-05,73090016,72983276,72993013
rs150355695,A,G,0.658,TCN1,3200,0.287,0.027,5.60E-26,59674097,59620280,59634041
rs4820023,C,T,0.584,TCN2,3200,-0.554,0.023,1.30E-120,31030781,31003069,31023047
rs4682823,T,G,0.713,TDGF1,3200,-1.331,0.014,1.00E-300,46642005,46616044,46623952
rs2273720,A,C,0.98,TEK,3200,-0.59,0.089,3.30E-11,27209469,27109138,27230176
rs4854760,A,G,0.735,TF,3200,-0.227,0.028,6.10E-16,133498741,133464976,133497850
rs3761376,G,A,0.754,TFF1,3200,0.377,0.027,5.70E-42,43787038,43782390,43786644
rs1800469,A,G,0.718,TGFB1,3200,0.116,0.027,2.10E-05,41860296,41836435,41859838
rs1800470,G,A,0.621,TGFB1,3200,0.259,0.024,4.50E-26,41858921,41836435,41859838
rs17689879,C,T,0.568,TGFBI,3200,0.389,0.023,4.50E-61,135393138,135364583,135399507
rs75900767,T,A,0.532,TGM3,3200,0.105,0.025,2.40E-05,2214463,2276612,2321725
rs73041845,C,T,0.865,THBS2,3200,-0.541,0.034,7.30E-54,169601044,169615874,169654209
rs2306125,T,C,0.82,THBS3,3200,0.121,0.031,9.90E-05,155025361,155165378,155177772
rs35351529,T,C,0.923,THBS4,3200,-0.298,0.044,2.30E-11,79390222,79287118,79379107
rs486119,A,G,0.693,THYN1,3200,-0.144,0.027,6.40E-08,134143420,134118172,134123260
rs1209384,A,G,0.594,TIE1,3200,0.2,0.025,5.10E-16,43765089,43766565,43788781
rs2376999,A,G,0.884,TIMP2,3200,0.418,0.037,3.30E-29,76890864,76849058,76921472
rs1079734,G,A,0.633,TIMP3,3200,-0.943,0.019,1.00E-300,33161552,33196801,33259028
rs394945,T,C,0.831,TIMP4,3200,0.379,0.031,1.90E-33,12075117,12194567,12200851
rs2275436,C,T,0.494,TINAGL1,3200,0.113,0.024,2.40E-06,31898463,32042085,32053287
rs111577916,G,T,0.98,TIRAP,3200,0.724,0.09,9.40E-16,126071349,126152981,126164828
rs74252763,C,T,0.735,TMEM106A,3200,0.151,0.028,9.00E-08,41402020,41363845,41372057
rs10950398,G,A,0.393,TMEM106B,3200,-0.272,0.025,6.10E-27,12264871,12250847,12276890
rs555835,T,C,0.677,TMEM132A,3200,0.568,0.024,5.40E-113,60689445,60691912,60704631
rs28654182,A,G,0.676,TMEM132C,3200,0.282,0.026,2.60E-27,128769038,128751947,129192460
rs61943549,T,C,0.948,TMEM132D,3200,-0.486,0.055,1.00E-18,130092229,129556270,130388212
rs35791293,C,T,0.525,TMEM190,3200,0.983,0.018,1.00E-300,55886019,55888203,55889612
rs1410986,A,G,0.705,TMEM2,3200,0.137,0.027,3.90E-07,74262612,74298281,74383800
rs629470,G,A,0.823,TMEM25,3200,0.132,0.033,5.20E-05,118320553,118401802,118417313
rs72758637,C,G,0.823,TNC,3200,-0.81,0.029,2.70E-156,117805201,117781853,117880536
rs2278089,G,T,0.556,TNFAIP6,3200,-0.569,0.022,7.50E-132,152146672,152214105,152236562
rs2430810,A,G,0.904,TNFRSF10B,3200,0.185,0.041,7.60E-06,22861244,22877647,22926700
rs4871844,T,C,0.658,TNFRSF10B,3200,-0.143,0.026,4.30E-08,22879734,22877647,22926700
rs6567282,T,C,0.395,TNFRSF11A,3200,0.167,0.025,3.80E-11,60094992,59992519,60054943
rs77914317,A,C,0.963,TNFRSF11B,3200,0.279,0.059,2.50E-06,120060095,119935795,119964383
rs256400,G,A,0.654,TNFRSF17,3200,0.127,0.026,9.50E-07,12017621,12058963,12061925
rs3814787,G,C,0.714,TNFRSF19,3200,-0.166,0.026,2.10E-10,24152370,24144508,24250244
rs5745994,C,T,0.965,TNFRSF1B,3200,0.339,0.063,6.70E-08,12247128,12227059,12269277
rs9463326,T,A,0.722,TNFRSF21,3200,-0.11,0.027,3.80E-05,47302556,47199262,47277683
rs1056441,T,C,0.609,TNFRSF6B,3200,-0.141,0.025,2.00E-08,62370349,62328003,62330051
rs80067372,G,A,0.708,TNFSF12,3200,-0.763,0.024,8.60E-200,7452752,7452374,7461207
rs1232641,T,C,0.706,TNFSF13B,3200,0.14,0.027,2.60E-07,108966169,108921976,108960832
rs413141,A,G,0.868,TNFSF14,3200,-0.2,0.036,4.50E-08,6675989,6663147,6670599
rs116298992,C,T,0.964,TNXB,3200,1.621,0.061,6.40E-141,32068495,31976196,32077151
rs2071058,A,T,0.701,TPI1,3200,0.15,0.027,2.50E-08,6960893,6976583,6980110
rs61739908,C,T,0.808,TPSAB1,3200,-0.547,0.029,1.60E-76,1306642,1290677,1292555
rs10903002,G,C,0.498,TPSB2,3200,-0.633,0.022,1.00E-162,1324459,1278335,1280185
rs10903002,G,C,0.498,TPSB2,3200,-0.529,0.022,9.00E-114,1324459,1278335,1280185
rs313829,A,G,0.679,TPST1,3200,0.304,0.026,1.40E-31,65552497,65670258,65825438
rs9608491,A,G,0.848,TPST2,3200,-0.207,0.036,6.80E-09,26870985,26921713,26986089
rs3789204,G,T,0.693,TREM1,3200,-0.374,0.024,1.40E-54,41254741,41242998,41254457
rs114812713,G,C,0.955,TREM2,3200,0.36,0.057,3.10E-10,41034000,41126243,41130924
rs62396317,A,G,0.878,TREML1,3200,0.211,0.038,2.90E-08,41095817,41116998,41122087
rs13207171,C,T,0.869,TREML2,3200,-1.086,0.031,1.70E-233,41165819,41157486,41168925
rs11761932,A,C,0.954,TRIL,3200,0.252,0.058,1.50E-05,29077200,28992973,28998029
rs2305167,G,A,0.847,TSG101,3200,-0.149,0.034,1.60E-05,18596580,18501857,18548503
rs78165052,C,T,0.875,TXNDC15,3200,-0.307,0.036,3.60E-17,134250596,134209459,134237323
rs182714900,C,T,0.985,TXNDC5,3200,-0.677,0.096,1.70E-12,7899736,7881482,7911047
rs7306771,T,G,0.636,TXNRD1,3200,-0.115,0.025,4.70E-06,104460934,104609556,104744085
rs131798,T,G,0.773,TYMP,3200,0.204,0.03,1.80E-11,50971509,50964180,50968514
rs2588323,C,G,0.675,TYRO3,3200,-0.137,0.026,2.10E-07,41842078,41851219,41871536
rs2289743,C,G,0.691,TYRO3,3200,-0.161,0.027,2.10E-09,41860698,41851219,41871536
rs10502249,G,T,0.712,UBASH3B,3200,0.187,0.027,1.10E-11,122504251,122526397,122685187
rs111741722,A,G,0.681,UGT1A6,3200,0.265,0.027,1.80E-22,234665983,234600320,234681951
rs17054300,G,A,0.762,ULBP3,3200,0.171,0.028,1.70E-09,150370552,150385742,150390202
rs10030217,T,A,0.581,UNC5C,3200,-0.16,0.024,1.90E-11,96457804,96083655,96470361
rs6468316,C,T,0.417,UNC5D,3200,0.141,0.024,9.50E-09,35237788,35092974,35652181
rs4739402,T,C,0.42,UNC5D,3200,0.119,0.025,2.00E-06,35228273,35092974,35652181
rs2027515,T,C,0.785,UROS,3200,-0.324,0.03,4.20E-27,127495832,127477146,127511837
rs11155591,C,T,0.685,UST,3200,0.149,0.026,1.20E-08,149064986,149068270,149398126
rs12617748,G,A,0.87,UXS1,3200,-0.219,0.036,1.70E-09,106836042,106709758,106810795
rs76680416,G,T,0.921,VAMP8,3200,-0.199,0.047,2.00E-05,85936323,85804613,85809156
rs8182173,T,C,0.754,VASN,3200,0.11,0.028,9.70E-05,4420787,4421848,4433529
rs56100731,C,T,0.93,VAV1,3200,0.363,0.048,5.60E-14,6857245,6772678,6857377
rs864430,C,T,0.549,VEGFA,3200,-0.229,0.024,6.10E-21,43899528,43737945,43754223
rs864430,C,T,0.549,VEGFA,3200,-0.208,0.024,8.90E-18,43899528,43737945,43754223
rs864430,C,T,0.549,VEGFA,3200,-0.211,0.024,9.20E-18,43899528,43737945,43754223
rs112782083,G,C,0.981,VEGFC,3200,-2.019,0.084,1.10E-117,177755173,177604684,177713899
rs1468810,C,A,0.391,VIT,3200,0.247,0.023,1.20E-26,36993940,36923832,37041937
rs10490666,A,T,0.658,VIT,3200,-0.227,0.024,1.40E-20,36932493,36923832,37041937
rs72930400,C,G,0.85,VPS24,3200,-0.167,0.034,8.60E-07,86704880,86730552,86790620
rs7149221,G,T,0.83,VTI1B,3200,-0.148,0.033,9.00E-06,68189736,68117866,68141602
rs7212510,T,A,0.551,VTN,3200,1.054,0.015,1.00E-300,26703682,26694298,26697373
rs704,G,A,0.512,VTN,3200,-0.156,0.024,1.40E-10,26694861,26694298,26697373
rs28627708,G,C,0.86,VWA1,3200,0.148,0.036,4.50E-05,1447756,1370902,1378262
rs11595697,C,T,0.903,VWA2,3200,-0.431,0.042,7.80E-25,115905775,115999012,116054259
rs79259707,C,A,0.868,VWC2,3200,0.34,0.035,1.30E-22,49812564,49813256,49952138
rs7308002,G,A,0.588,VWF,3200,-0.181,0.025,3.90E-13,6152727,6058039,6233836
rs941923,T,C,0.766,WARS,3200,0.255,0.029,6.60E-18,100813077,100800124,100842680
rs400345,C,T,0.791,WFDC1,3200,0.451,0.029,5.50E-54,84328494,84328311,84363457
rs73112720,G,A,0.959,WFDC2,3200,0.231,0.057,4.50E-05,44182682,44098393,44110172
rs35017113,C,T,0.843,WFDC5,3200,0.229,0.033,4.70E-12,43692684,43738092,43743813
rs11248941,G,T,0.732,WFIKKN1,3200,-0.203,0.028,2.30E-13,658271,681011,684116
rs12946082,G,A,0.28,WFIKKN2,3200,0.527,0.025,2.50E-94,48921219,48912604,48919709
rs12946082,G,A,0.28,WFIKKN2,3200,0.464,0.025,2.60E-74,48921219,48912604,48919709
rs2013158,C,A,0.738,WISP1,3200,-0.729,0.025,1.00E-163,134202942,134203281,134243932
rs1061098,C,T,0.663,WISP2,3200,0.213,0.022,4.80E-21,43356156,43343884,43356452
rs76400946,T,C,0.507,XCL1,3200,0.117,0.025,2.10E-06,168511155,168545710,168551315
rs55947051,T,C,0.841,XXYLT1,3200,-0.248,0.033,8.60E-14,194783033,194789007,194991895
rs2284265,C,T,0.743,YWHAB,3200,0.176,0.026,3.10E-11,43517041,43514239,43537175
rs62054863,C,A,0.738,ZG16,3200,-0.116,0.029,5.90E-05,29723815,29789560,29792969
rs2190809,T,C,0.725,ZG16B,3200,0.156,0.027,1.50E-08,2880614,2880172,2882285
rs148291065,A,G,0.989,ZNF843,3200,-0.487,0.118,3.90E-05,31562304,31446884,31454348
