Exposures,SNP,EA,OA,EAF,Beta,SE,P-values,F-statistics
CXCL10,rs6532086,A,G,0.4937 ,0.0689 ,0.0081 ,1.65E-17,72.52 
SAA2,rs11024589,C,A,0.0694 ,-0.5964 ,0.0132 ,1.00E-200,2052.27 
SAA2,rs12282271,G,A,0.4215 ,-0.0957 ,0.0082 ,3.20E-31,135.05 
SAA2,rs1818737,T,C,0.2626 ,0.0805 ,0.0093 ,3.86E-18,75.39 
SAA2,rs76204461,T,C,0.1363 ,0.1732 ,0.0119 ,3.93E-48,212.48 
SAA1,rs11024589,C,A,0.0694 ,-0.7464 ,0.0128 ,1.00E-200,3409.93 
SAA1,rs12282271,G,A,0.4215 ,-0.1055 ,0.0083 ,7.05E-37,160.94 
SAA1,rs1818737,T,C,0.2626 ,0.0813 ,0.0094 ,3.70E-18,75.48 
SAA1,rs76204461,T,C,0.1363 ,0.1958 ,0.0120 ,5.96E-60,266.68 
LADA,rs2476601,G,A,0.879143,-0.540372876,0.030823,7.21E-22,307.35 
LADA,rs689,T,A,0.748756,0.39387082,0.061262,1.07E-19,41.34 
LADA,rs7310615,G,C,0.492991,-0.250197481,0.028378,4.92E-11,77.73 
LADA,rs2516494,T,C,0.233096,0.329251228,0.059319,2.15E-13,30.81 
LADA,rs9273368,A,G,0.346696,1.136150176,0.132392,7.87E-143,73.65 
LADA,rs3104404,A,C,0.137531,-0.674029101,0.027956,8.26E-31,581.31 
LADA,rs2229527,G,T,0.092925,0.919426211,0.144744,2.56E-50,40.35 
CXCL10,rs113341849,A,G,0.1194 ,-0.1037 ,0.0125 ,9.59E-17,69.06 
CXCL10,rs3184504,C,T,0.6214 ,-0.0935 ,0.0083 ,2.57E-29,126.35 
CXCL10,rs55990593,G,A,0.2654 ,-0.0501 ,0.0092 ,4.73E-08,29.82 
CXCL10,rs6532086,A,G,0.4937 ,0.0689 ,0.0081 ,1.65E-17,72.52 
SAA1,rs11024589,C,A,0.0694 ,-0.7464 ,0.0128 ,1.00E-200,3409.93 
SAA1,rs11208691,G,A,0.3932 ,-0.1328 ,0.0083 ,8.59E-58,256.80 
SAA1,rs12133641,G,A,0.4148 ,-0.0621 ,0.0083 ,6.65E-14,56.17 
SAA1,rs12282271,G,A,0.4215 ,-0.1055 ,0.0083 ,7.05E-37,160.94 
SAA1,rs1818737,T,C,0.2626 ,0.0813 ,0.0094 ,3.70E-18,75.48 
SAA1,rs1864163,A,G,0.2532 ,-0.0758 ,0.0093 ,3.76E-16,66.36 
SAA1,rs429358,C,T,0.1741 ,-0.0593 ,0.0108 ,3.90E-08,30.20 
SAA1,rs6445035,A,G,0.1904 ,0.1423 ,0.0103 ,1.31E-43,191.76 
SAA1,rs6509571,T,C,0.3881 ,-0.0566 ,0.0083 ,8.83E-12,46.57 
SAA1,rs76204461,T,C,0.1363 ,0.1958 ,0.0120 ,5.96E-60,266.68 
SAA2,rs11024589,C,A,0.0694 ,-0.5964 ,0.0132 ,1.00E-200,2052.27 
SAA2,rs11208691,G,A,0.3932 ,-0.1400 ,0.0083 ,1.71E-64,287.55 
SAA2,rs12282271,G,A,0.4215 ,-0.0957 ,0.0082 ,3.20E-31,135.05 
SAA2,rs1371135,C,T,0.7011 ,0.0795 ,0.0089 ,2.85E-19,80.53 
SAA2,rs1818737,T,C,0.2626 ,0.0805 ,0.0093 ,3.86E-18,75.39 
SAA2,rs34927905,T,C,0.3421 ,0.0480 ,0.0086 ,2.31E-08,31.22 
SAA2,rs4129267,T,C,0.4148 ,-0.0656 ,0.0083 ,1.92E-15,63.15 
SAA2,rs546886,T,A,0.1158 ,0.0770 ,0.0126 ,1.08E-09,37.17 
SAA2,rs6445035,A,G,0.1904 ,0.1668 ,0.0102 ,1.35E-59,265.07 
SAA2,rs76204461,T,C,0.1363 ,0.1732 ,0.0119 ,3.93E-48,212.48 
SAA2,rs8192300,A,G,0.3175 ,0.0548 ,0.0087 ,2.50E-10,40.03 
SAA2,rs9939224,G,T,0.7836 ,0.0754 ,0.0098 ,1.52E-14,59.06 
CXCL10,rs4859589,A,G,0.5050 ,-0.1330 ,0.0240 ,5.00E-08,30.71 
SAA1,rs11024616,C,G,0.8900 ,-1.2250 ,0.0330 ,1.00E-200,1377.98 
SAA2,rs11024589,A,C,0.9100 ,0.6130 ,0.0224 ,2.00E-164,746.79 
SAA2,rs79669707,A,G,0.1300 ,0.3560 ,0.0214 ,3.00E-62,277.24 
CXCL10,rs6816898,C,A,0.4610 ,-0.185,0.00796,1.15E-119,540.15 
